FareClass,ObservationDate,Departure_Date,ORG,Dst,Carrier,Flight_Code,Dep_time,Arr_time,Apt_Fees,Gov_Tax,Total_Price_Non_Res,Base_Fare_Non_Res,Base_Fare_Non_Res_Calc,Airport_Fees_Res,Gov_Tax_Res,Total_Price_Res,Base_Fare_Res,Base_Fare_Res_Calc,Discount_Value,Discount_Value_Calc,Security,Security Tax,Currency
Flexible, 06/01/2019, 15/01/2019, AGP, PMI, IB, 5908, 18:55, 20:20, 11.32, , 522.0, , , 11.32, , 141, , 130.5, 391.5, , 3.66, 0.64, €
Optimal, 06/01/2019, 15/01/2019, BCN, IBZ, IB, 5114, 07:00, 08:00, 19.24, , 61.0, 42.00, , 19.24, , 34, , 15.25, 45.75, , 3.66, 0.64, €
Flexible, 06/01/2019, 15/01/2019, BCN, IBZ, IB, 5114, 07:00, 08:00, 19.24, , 521.0, 502.00, , 19.24, , 149, , 130.25, 390.75, , 3.66, 0.64, €
Optimal, 06/01/2019, 15/01/2019, BCN, IBZ, IB, 5044, 12:45, 13:45, 19.24, , 83.0, 64.00, , 19.24, , 39, , 20.75, 62.25, , 3.66, 0.64, €
Flexible, 06/01/2019, 15/01/2019, BCN, IBZ, IB, 5044, 12:45, 13:45, 19.24, , 521.0, 502.00, , 19.24, , 149, , 130.25, 390.75, , 3.66, 0.64, €
Optimal, 06/01/2019, 15/01/2019, BCN, IBZ, IB, 5130, 17:00, 18:00, 19.24, , 65.0, 46.00, , 19.24, , 35, , 16.25, 48.75, , 3.66, 0.64, €
Flexible, 06/01/2019, 15/01/2019, BCN, IBZ, IB, 5130, 17:00, 18:00, 19.24, , 521.0, 502.00, , 19.24, , 149, , 130.25, 390.75, , 3.66, 0.64, €
Optimal, 06/01/2019, 15/01/2019, BCN, IBZ, IB, 5348, 20:15, 21:15, 19.24, , 61.0, 42.00, , 19.24, , 34, , 15.25, 45.75, , 3.66, 0.64, €
Flexible, 06/01/2019, 15/01/2019, BCN, IBZ, IB, 5348, 20:15, 21:15, 19.24, , 521.0, 502.00, , 19.24, , 149, , 130.25, 390.75, , 3.66, 0.64, €
Optimal, 06/01/2019, 15/01/2019, BCN, LPA, IB, 5036, 12:10, 14:30, 18.41, , 40.0, 21.50, , 18.41, , 28, , 10.0, 30.0, , 3.50, 0.61, €
Flexible, 06/01/2019, 15/01/2019, BCN, LPA, IB, 5036, 12:10, 14:30, 18.41, , 171.0, 152.50, , 18.41, , 61, , 42.75, 128.25, , 3.50, 0.61, €
Optimal, 06/01/2019, 15/01/2019, BCN, LPA, IB, 5912, 21:40, 23:59, 18.41, , 32.0, , , 18.41, , 26, , 8.0, 24.0, , 3.50, 0.61, €
Flexible, 06/01/2019, 15/01/2019, BCN, LPA, IB, 5912, 21:40, 23:59, 18.41, , 171.0, 14.00, , 18.41, , 61, , 42.75, 128.25, , 3.50, 0.61, €
Optimal, 06/01/2019, 15/01/2019, BCN, MAH, IB, 5138, 07:15, 08:10, 19.24, , 70.0, 51.00, , 19.24, , 36, , 17.5, 52.5, , 3.66, 0.64, €
Flexible, 06/01/2019, 15/01/2019, BCN, MAH, IB, 5138, 07:15, 08:10, 19.24, , 531.0, , , 19.24, , 151, , 132.75, 398.25, , 3.66, 0.64, €
Flexible, 06/01/2019, 15/01/2019, BCN, MAH, IB, 5160, 09:45, 10:40, 19.24, , 531.0, , , 19.24, , 151, , 132.75, 398.25, , 3.66, 0.64, €
Optimal, 06/01/2019, 15/01/2019, BCN, MAH, IB, 5142, 17:15, 18:10, 19.24, , 70.0, , , 19.24, , 36, , 17.5, 52.5, , 3.66, 0.64, €
Flexible, 06/01/2019, 15/01/2019, BCN, MAH, IB, 5142, 17:15, 18:10, 19.24, , 531.0, 51.00, , 19.24, , 151, , 132.75, 398.25, , 3.66, 0.64, €
Optimal, 06/01/2019, 15/01/2019, BCN, MAH, IB, 5144, 19:55, 20:50, 19.24, , 70.0, , , 19.24, , 36, , 17.5, 52.5, , 3.66, 0.64, €
Flexible, 06/01/2019, 15/01/2019, BCN, MAH, IB, 5144, 19:55, 20:50, 19.24, , 531.0, , , 19.24, , 151, , 132.75, 398.25, , 3.66, 0.64, €
Optimal, 06/01/2019, 15/01/2019, BCN, PMI, IB, 5148, 07:05, 07:55, 19.24, , 69.0, 50.00, , 19.24, , 36, , 17.25, 51.75, , 3.66, 0.64, €
Flexible, 06/01/2019, 15/01/2019, BCN, PMI, IB, 5148, 07:05, 07:55, 19.24, , 502.0, 483.00, , 19.24, , 144, , 125.5, 376.5, , 3.66, 0.64, €
Optimal, 06/01/2019, 15/01/2019, BCN, PMI, IB, 5134, 08:35, 09:25, 19.24, , 69.0, , , 19.24, , 36, , 17.25, 51.75, , 3.66, 0.64, €
Flexible, 06/01/2019, 15/01/2019, BCN, PMI, IB, 5134, 08:35, 09:25, 19.24, , 502.0, 50.00, , 19.24, , 144, , 125.5, 376.5, , 3.66, 0.64, €
Optimal, 06/01/2019, 15/01/2019, BCN, PMI, IB, 5033, 12:00, 12:50, 19.24, , 69.0, , , 19.24, , 36, , 17.25, 51.75, , 3.66, 0.64, €
Flexible, 06/01/2019, 15/01/2019, BCN, PMI, IB, 5033, 12:00, 12:50, 19.24, , 502.0, , , 19.24, , 144, , 125.5, 376.5, , 3.66, 0.64, €
Flexible, 06/01/2019, 15/01/2019, BCN, PMI, IB, 5422, 14:10, 15:00, 19.24, , 502.0, 483.00, , 19.24, , 144, , 125.5, 376.5, , 3.66, 0.64, €
Optimal, 06/01/2019, 15/01/2019, BCN, PMI, IB, 5156, 16:00, 16:50, 19.24, , 69.0, , , 19.24, , 36, , 17.25, 51.75, , 3.66, 0.64, €
Flexible, 06/01/2019, 15/01/2019, BCN, PMI, IB, 5156, 16:00, 16:50, 19.24, , 502.0, , , 19.24, , 144, , 125.5, 376.5, , 3.66, 0.64, €
Optimal, 06/01/2019, 15/01/2019, BCN, PMI, IB, 5152, 17:00, 17:50, 19.24, , 69.0, , , 19.24, , 36, , 17.25, 51.75, , 3.66, 0.64, €
Flexible, 06/01/2019, 15/01/2019, BCN, PMI, IB, 5152, 17:00, 17:50, 19.24, , 502.0, , , 19.24, , 144, , 125.5, 376.5, , 3.66, 0.64, €
Optimal, 06/01/2019, 15/01/2019, BCN, PMI, IB, 5154, 18:00, 18:50, 19.24, , 69.0, , , 19.24, , 36, , 17.25, 51.75, , 3.66, 0.64, €
Flexible, 06/01/2019, 15/01/2019, BCN, PMI, IB, 5154, 18:00, 18:50, 19.24, , 502.0, 50.00, , 19.24, , 144, , 125.5, 376.5, , 3.66, 0.64, €
Optimal, 06/01/2019, 15/01/2019, BCN, PMI, IB, 5162, 20:15, 21:05, 19.24, , 69.0, 50.00, , 19.24, , 36, , 17.25, 51.75, , 3.66, 0.64, €
Flexible, 06/01/2019, 15/01/2019, BCN, PMI, IB, 5162, 20:15, 21:05, 19.24, , 502.0, , , 19.24, , 144, , 125.5, 376.5, , 3.66, 0.64, €
Optimal, 06/01/2019, 15/01/2019, BCN, PMI, IB, 5158, 22:40, 23:30, 19.24, , 69.0, , , 19.24, , 36, , 17.25, 51.75, , 3.66, 0.64, €
Flexible, 06/01/2019, 15/01/2019, BCN, PMI, IB, 5158, 22:40, 23:30, 19.24, , 502.0, , , 19.24, , 144, , 125.5, 376.5, , 3.66, 0.64, €
Basic, 06/01/2019, 15/01/2019, FUE, MAD, IB, 3907, 13:45, 17:25, 8.43, , 41.0, 32.75, , 8.43, , 18, , 10.25, 30.75, , 2.98, 0.52, €
Optimal, 06/01/2019, 15/01/2019, FUE, MAD, IB, 3907, 13:45, 17:25, 8.43, , 45.0, 36.50, , 8.43, , 19, , 11.25, 33.75, , 2.98, 0.52, €
Basic, 06/01/2019, 15/01/2019, FUE, MAD, IB, 3907, 13:45, 17:25, 8.43, , 41.0, 32.75, , 8.43, , 18, , 10.25, 30.75, , 2.98, 0.52, €
Optimal, 06/01/2019, 15/01/2019, FUE, MAD, IB, 3907, 13:45, 17:25, 8.43, , 45.0, , , 8.43, , 19, , 11.25, 33.75, , 2.98, 0.52, €
Flexible, 06/01/2019, 15/01/2019, FUE, MAD, IB, 3907, 13:45, 17:25, 8.43, , 100.0, 36.50, , 8.43, , 33, , 25.0, 75.0, , 2.98, 0.52, €
None, 06/01/2019, 15/01/2019, FUE, MAD, IB, 3907, 13:45, 17:25, 8.43, , 117.0, 109.00, , 8.43, , 37, , 29.25, 87.75, , 2.98, 0.52, €
Basic, 06/01/2019, 15/01/2019, IBZ, MAD, IB, 8909, 14:35, 15:50, 7.15, , 57.0, 50.00, , 7.15, , 21, , 14.25, 42.75, , 2.49, 0.54, €
Flexible, 06/01/2019, 15/01/2019, IBZ, MAD, IB, 8909, 14:35, 15:50, 7.15, , 236.0, 229.00, , 7.15, , 66, , 59.0, 177.0, , 2.49, 0.54, €
Business Flexible, 06/01/2019, 15/01/2019, IBZ, MAD, IB, 8909, 14:35, 15:50, 7.15, , 370.0, , , 7.15, , 99, , 92.5, 277.5, , 2.49, 0.54, €
None, 06/01/2019, 15/01/2019, IBZ, MAD, IB, 8909, 14:35, 15:50, 7.15, , 449.0, , , 7.15, , 119, , 112.25, 336.75, , 2.49, 0.54, €
Basic, 06/01/2019, 15/01/2019, IBZ, VLC, IB, 8441, 11:45, 12:35, 7.15, , 46.0, 39.00, , 7.15, , 18, , 11.5, 34.5, , 2.49, 0.54, €
Optimal, 06/01/2019, 15/01/2019, IBZ, VLC, IB, 8441, 11:45, 12:35, 7.15, , 61.0, , , 7.15, , 22, , 15.25, 45.75, , 2.49, 0.54, €
Basic, 06/01/2019, 15/01/2019, IBZ, VLC, IB, 8441, 11:45, 12:35, 7.15, , 46.0, 39.00, , 7.15, , 18, , 11.5, 34.5, , 2.49, 0.54, €
Optimal, 06/01/2019, 15/01/2019, IBZ, VLC, IB, 8441, 11:45, 12:35, 7.15, , 61.0, 54.00, , 7.15, , 22, , 15.25, 45.75, , 2.49, 0.54, €
Flexible, 06/01/2019, 15/01/2019, IBZ, VLC, IB, 8441, 11:45, 12:35, 7.15, , 226.0, 219.00, , 7.15, , 63, , 56.5, 169.5, , 2.49, 0.54, €
Business Flexible, 06/01/2019, 15/01/2019, IBZ, VLC, IB, 8441, 11:45, 12:35, 7.15, , 294.0, 287.00, , 7.15, , 80, , 73.5, 220.5, , 2.49, 0.54, €
None, 06/01/2019, 15/01/2019, IBZ, VLC, IB, 8441, 11:45, 12:35, 7.15, , 434.0, 427.00, , 7.15, , 115, , 108.5, 325.5, , 2.49, 0.54, €
Basic, 06/01/2019, 15/01/2019, IBZ, VLC, IB, 8437, 18:15, 19:00, 7.15, , 46.0, 39.00, , 7.15, , 18, , 11.5, 34.5, , 2.49, 0.54, €
Optimal, 06/01/2019, 15/01/2019, IBZ, VLC, IB, 8437, 18:15, 19:00, 7.15, , 61.0, 54.00, , 7.15, , 22, , 15.25, 45.75, , 2.49, 0.54, €
Flexible, 06/01/2019, 15/01/2019, IBZ, VLC, IB, 8437, 18:15, 19:00, 7.15, , 226.0, 219.00, , 7.15, , 63, , 56.5, 169.5, , 2.49, 0.54, €
Business Flexible, 06/01/2019, 15/01/2019, IBZ, VLC, IB, 8437, 18:15, 19:00, 7.15, , 294.0, 287.00, , 7.15, , 80, , 73.5, 220.5, , 2.49, 0.54, €
None, 06/01/2019, 15/01/2019, IBZ, VLC, IB, 8437, 18:15, 19:00, 7.15, , 434.0, 427.00, , 7.15, , 115, , 108.5, 325.5, , 2.49, 0.54, €
Basic, 06/01/2019, 15/01/2019, LPA, MAD, IB, 3835, 06:35, 10:20, 9.21, , 33.0, 24.00, , 9.21, , 17, , 8.25, 24.75, , 2.98, 0.52, €
Optimal, 06/01/2019, 15/01/2019, LPA, MAD, IB, 3835, 06:35, 10:20, 9.21, , 38.0, 29.00, , 9.21, , 18, , 9.5, 28.5, , 2.98, 0.52, €
Flexible, 06/01/2019, 15/01/2019, LPA, MAD, IB, 3835, 06:35, 10:20, 9.21, , 77.0, , , 9.21, , 28, , 19.25, 57.75, , 2.98, 0.52, €
Basic, 06/01/2019, 15/01/2019, LPA, MAD, IB, 3835, 06:35, 10:20, 9.21, , 33.0, 24.00, , 9.21, , 17, , 8.25, 24.75, , 2.98, 0.52, €
Optimal, 06/01/2019, 15/01/2019, LPA, MAD, IB, 3835, 06:35, 10:20, 9.21, , 38.0, 29.00, , 9.21, , 18, , 9.5, 28.5, , 2.98, 0.52, €
Flexible, 06/01/2019, 15/01/2019, LPA, MAD, IB, 3835, 06:35, 10:20, 9.21, , 77.0, 68.25, , 9.21, , 28, , 19.25, 57.75, , 2.98, 0.52, €
Business Flexible, 06/01/2019, 15/01/2019, LPA, MAD, IB, 3835, 06:35, 10:20, 9.21, , 127.0, 117.75, , 9.21, , 40, , 31.75, 95.25, , 2.98, 0.52, €
Basic, 06/01/2019, 15/01/2019, LPA, MAD, IB, 3837, 07:20, 11:05, 9.21, , 33.0, 24.00, , 9.21, , 17, , 8.25, 24.75, , 2.98, 0.52, €
Optimal, 06/01/2019, 15/01/2019, LPA, MAD, IB, 3837, 07:20, 11:05, 9.21, , 38.0, 29.00, , 9.21, , 18, , 9.5, 28.5, , 2.98, 0.52, €
Flexible, 06/01/2019, 15/01/2019, LPA, MAD, IB, 3837, 07:20, 11:05, 9.21, , 77.0, 68.25, , 9.21, , 28, , 19.25, 57.75, , 2.98, 0.52, €
Business Flexible, 06/01/2019, 15/01/2019, LPA, MAD, IB, 3837, 07:20, 11:05, 9.21, , 127.0, 117.75, , 9.21, , 40, , 31.75, 95.25, , 2.98, 0.52, €
Basic, 06/01/2019, 15/01/2019, LPA, MAD, IB, 3827, 11:15, 14:55, 9.21, , 33.0, 24.00, , 9.21, , 17, , 8.25, 24.75, , 2.98, 0.52, €
Optimal, 06/01/2019, 15/01/2019, LPA, MAD, IB, 3827, 11:15, 14:55, 9.21, , 38.0, 29.00, , 9.21, , 18, , 9.5, 28.5, , 2.98, 0.52, €
Business Flexible, 06/01/2019, 15/01/2019, LPA, MAD, IB, 3827, 11:15, 14:55, 9.21, , 127.0, 117.75, , 9.21, , 40, , 31.75, 95.25, , 2.98, 0.52, €
Basic, 06/01/2019, 15/01/2019, LPA, MAD, IB, 3823, 14:00, 17:45, 9.21, , 33.0, 24.00, , 9.21, , 17, , 8.25, 24.75, , 2.98, 0.52, €
Basic, 06/01/2019, 15/01/2019, LPA, MAD, IB, 3825, 15:05, 18:50, 9.21, , 33.0, 24.00, , 9.21, , 17, , 8.25, 24.75, , 2.98, 0.52, €
Optimal, 06/01/2019, 15/01/2019, LPA, MAD, IB, 3825, 15:05, 18:50, 9.21, , 38.0, , , 9.21, , 18, , 9.5, 28.5, , 2.98, 0.52, €
Flexible, 06/01/2019, 15/01/2019, LPA, MAD, IB, 3825, 15:05, 18:50, 9.21, , 77.0, 68.25, , 9.21, , 28, , 19.25, 57.75, , 2.98, 0.52, €
Business Flexible, 06/01/2019, 15/01/2019, LPA, MAD, IB, 3825, 15:05, 18:50, 9.21, , 127.0, 117.75, , 9.21, , 40, , 31.75, 95.25, , 2.98, 0.52, €
Basic, 06/01/2019, 15/01/2019, LPA, MAD, IB, 3833, 18:55, 22:40, 9.21, , 33.0, 24.00, , 9.21, , 17, , 8.25, 24.75, , 2.98, 0.52, €
Optimal, 06/01/2019, 15/01/2019, LPA, MAD, IB, 3833, 18:55, 22:40, 9.21, , 38.0, 29.00, , 9.21, , 18, , 9.5, 28.5, , 2.98, 0.52, €
Flexible, 06/01/2019, 15/01/2019, LPA, MAD, IB, 3833, 18:55, 22:40, 9.21, , 77.0, 68.25, , 9.21, , 28, , 19.25, 57.75, , 2.98, 0.52, €
Business Flexible, 06/01/2019, 15/01/2019, LPA, MAD, IB, 3833, 18:55, 22:40, 9.21, , 127.0, 117.75, , 9.21, , 40, , 31.75, 95.25, , 2.98, 0.52, €
Optimal, 06/01/2019, 15/01/2019, LPA, SVQ, IB, 5467, 06:00, 09:15, 9.21, , 26.0, 16.75, , 9.21, , 15, , 6.5, 19.5, , 2.98, 0.52, €
Flexible, 06/01/2019, 15/01/2019, LPA, SVQ, IB, 5467, 06:00, 09:15, 9.21, , 133.0, 123.50, , 9.21, , 42, , 33.25, 99.75, , 2.98, 0.52, €
Basic, 06/01/2019, 15/01/2019, MAD, ACE, IB, 3856, 11:25, 13:00, 19.43, , 36.0, 16.75, , 19.43, , 28, , 9.0, 27.0, , 3.50, 0.61, €
Flexible, 06/01/2019, 15/01/2019, MAD, ACE, IB, 3856, 11:25, 13:00, 19.43, , 111.0, 91.50, , 19.43, , 47, , 27.75, 83.25, , 3.50, 0.61, €
Business Flexible, 06/01/2019, 15/01/2019, MAD, ACE, IB, 3856, 11:25, 13:00, 19.43, , 128.0, 109.00, , 19.43, , 51, , 32.0, 96.0, , 3.50, 0.61, €
Basic, 06/01/2019, 15/01/2019, MAD, FUE, IB, 3906, 11:30, 13:10, 19.43, , 52.0, 32.75, , 19.43, , 32, , 13.0, 39.0, , 3.50, 0.61, €
Optimal, 06/01/2019, 15/01/2019, MAD, FUE, IB, 3906, 11:30, 13:10, 19.43, , 56.0, 36.50, , 19.43, , 33, , 14.0, 42.0, , 3.50, 0.61, €
Flexible, 06/01/2019, 15/01/2019, MAD, FUE, IB, 3906, 11:30, 13:10, 19.43, , 111.0, 91.50, , 19.43, , 47, , 27.75, 83.25, , 3.50, 0.61, €
None, 06/01/2019, 15/01/2019, MAD, FUE, IB, 3906, 11:30, 13:10, 19.43, , 128.0, 109.00, , 19.43, , 51, , 32.0, 96.0, , 3.50, 0.61, €
Basic, 06/01/2019, 15/01/2019, MAD, IBZ, IB, 8910, 12:35, 13:45, 20.32, , 70.0, 50.00, , 20.32, , 37, , 17.5, 52.5, , 3.66, 0.64, €
Optimal, 06/01/2019, 15/01/2019, MAD, IBZ, IB, 8910, 12:35, 13:45, 20.32, , 85.0, 65.00, , 20.32, , 41, , 21.25, 63.75, , 3.66, 0.64, €
Flexible, 06/01/2019, 15/01/2019, MAD, IBZ, IB, 8910, 12:35, 13:45, 20.32, , 249.0, 229.00, , 20.32, , 82, , 62.25, 186.75, , 3.66, 0.64, €
Business Flexible, 06/01/2019, 15/01/2019, MAD, IBZ, IB, 8910, 12:35, 13:45, 20.32, , 383.0, 363.00, , 20.32, , 116, , 95.75, 287.25, , 3.66, 0.64, €
None, 06/01/2019, 15/01/2019, MAD, IBZ, IB, 8910, 12:35, 13:45, 20.32, , 462.0, 442.00, , 20.32, , 135, , 115.5, 346.5, , 3.66, 0.64, €
Basic, 06/01/2019, 15/01/2019, MAD, LPA, IB, 3826, 08:40, 10:35, 19.43, , 43.0, 24.00, , 19.43, , 30, , 10.75, 32.25, , 3.50, 0.61, €
Optimal, 06/01/2019, 15/01/2019, MAD, LPA, IB, 3826, 08:40, 10:35, 19.43, , 48.0, 29.00, , 19.43, , 31, , 12.0, 36.0, , 3.50, 0.61, €
Flexible, 06/01/2019, 15/01/2019, MAD, LPA, IB, 3826, 08:40, 10:35, 19.43, , 88.0, 68.25, , 19.43, , 41, , 22.0, 66.0, , 3.50, 0.61, €
Business Flexible, 06/01/2019, 15/01/2019, MAD, LPA, IB, 3826, 08:40, 10:35, 19.43, , 137.0, 117.75, , 19.43, , 53, , 34.25, 102.75, , 3.50, 0.61, €
Basic, 06/01/2019, 15/01/2019, MAD, LPA, IB, 3822, 11:25, 13:20, 19.43, , 43.0, 24.00, , 19.43, , 30, , 10.75, 32.25, , 3.50, 0.61, €
Optimal, 06/01/2019, 15/01/2019, MAD, LPA, IB, 3822, 11:25, 13:20, 19.43, , 48.0, 29.00, , 19.43, , 31, , 12.0, 36.0, , 3.50, 0.61, €
Flexible, 06/01/2019, 15/01/2019, MAD, LPA, IB, 3822, 11:25, 13:20, 19.43, , 88.0, 68.25, , 19.43, , 41, , 22.0, 66.0, , 3.50, 0.61, €
Business Flexible, 06/01/2019, 15/01/2019, MAD, LPA, IB, 3822, 11:25, 13:20, 19.43, , 137.0, 117.75, , 19.43, , 53, , 34.25, 102.75, , 3.50, 0.61, €
Basic, 06/01/2019, 15/01/2019, MAD, LPA, IB, 3830, 12:30, 14:25, 19.43, , 43.0, 24.00, , 19.43, , 30, , 10.75, 32.25, , 3.50, 0.61, €
Basic, 06/01/2019, 15/01/2019, MAD, LPA, IB, 3830, 12:30, 14:25, 19.43, , 43.0, 24.00, , 19.43, , 30, , 10.75, 32.25, , 3.50, 0.61, €
Optimal, 06/01/2019, 15/01/2019, MAD, LPA, IB, 3830, 12:30, 14:25, 19.43, , 48.0, 29.00, , 19.43, , 31, , 12.0, 36.0, , 3.50, 0.61, €
Flexible, 06/01/2019, 15/01/2019, MAD, LPA, IB, 3830, 12:30, 14:25, 19.43, , 88.0, 68.25, , 19.43, , 41, , 22.0, 66.0, , 3.50, 0.61, €
Business Flexible, 06/01/2019, 15/01/2019, MAD, LPA, IB, 3830, 12:30, 14:25, 19.43, , 137.0, 117.75, , 19.43, , 53, , 34.25, 102.75, , 3.50, 0.61, €
Basic, 06/01/2019, 15/01/2019, MAD, LPA, IB, 3838, 16:25, 18:15, 19.43, , 43.0, 24.00, , 19.43, , 30, , 10.75, 32.25, , 3.50, 0.61, €
Optimal, 06/01/2019, 15/01/2019, MAD, LPA, IB, 3838, 16:25, 18:15, 19.43, , 48.0, 29.00, , 19.43, , 31, , 12.0, 36.0, , 3.50, 0.61, €
Flexible, 06/01/2019, 15/01/2019, MAD, LPA, IB, 3838, 16:25, 18:15, 19.43, , 88.0, 68.25, , 19.43, , 41, , 22.0, 66.0, , 3.50, 0.61, €
Business Flexible, 06/01/2019, 15/01/2019, MAD, LPA, IB, 3838, 16:25, 18:15, 19.43, , 137.0, 117.75, , 19.43, , 53, , 34.25, 102.75, , 3.50, 0.61, €
Basic, 06/01/2019, 15/01/2019, MAD, LPA, IB, 3820, 19:00, 20:50, 19.43, , 43.0, , , 19.43, , 30, , 10.75, 32.25, , 3.50, 0.61, €
Optimal, 06/01/2019, 15/01/2019, MAD, LPA, IB, 3820, 19:00, 20:50, 19.43, , 48.0, 29.00, , 19.43, , 31, , 12.0, 36.0, , 3.50, 0.61, €
Basic, 06/01/2019, 15/01/2019, MAD, LPA, IB, 3834, 20:50, 22:40, 19.43, , 43.0, 24.00, , 19.43, , 30, , 10.75, 32.25, , 3.50, 0.61, €
Optimal, 06/01/2019, 15/01/2019, MAD, LPA, IB, 3834, 20:50, 22:40, 19.43, , 48.0, 29.00, , 19.43, , 31, , 12.0, 36.0, , 3.50, 0.61, €
Flexible, 06/01/2019, 15/01/2019, MAD, LPA, IB, 3834, 20:50, 22:40, 19.43, , 88.0, 68.25, , 19.43, , 41, , 22.0, 66.0, , 3.50, 0.61, €
Basic, 06/01/2019, 15/01/2019, MAD, MAH, IB, 8956, 12:10, 13:40, 20.32, , 99.0, 79.00, , 20.32, , 45, , 24.75, 74.25, , 3.66, 0.64, €
Flexible, 06/01/2019, 15/01/2019, MAD, MAH, IB, 8956, 12:10, 13:40, 20.32, , 120.0, 100.00, , 20.32, , 50, , 30.0, 90.0, , 3.66, 0.64, €
Basic, 06/01/2019, 15/01/2019, MAD, MAH, IB, 8954, 20:20, 21:50, 20.32, , 101.0, , , 20.32, , 45, , 25.25, 75.75, , 3.66, 0.64, €
Flexible, 06/01/2019, 15/01/2019, MAD, MAH, IB, 8954, 20:20, 21:50, 20.32, , 120.0, , , 20.32, , 50, , 30.0, 90.0, , 3.66, 0.64, €
Basic, 06/01/2019, 15/01/2019, MAH, MAD, IB, 8951, 07:10, 08:45, 7.15, , 88.0, 81.00, , 7.15, , 29, , 22.0, 66.0, , 2.49, 0.54, €
Flexible, 06/01/2019, 15/01/2019, MAH, MAD, IB, 8951, 07:10, 08:45, 7.15, , 107.0, 100.00, , 7.15, , 33, , 26.75, 80.25, , 2.49, 0.54, €
Basic, 06/01/2019, 15/01/2019, MAH, MAD, IB, 8957, 14:10, 15:45, 7.15, , 86.0, 79.00, , 7.15, , 28, , 21.5, 64.5, , 2.49, 0.54, €
Flexible, 06/01/2019, 15/01/2019, MAH, MAD, IB, 8957, 14:10, 15:45, 7.15, , 107.0, 100.00, , 7.15, , 33, , 26.75, 80.25, , 2.49, 0.54, €
Optimal, 06/01/2019, 15/01/2019, PMI, BCN, IB, 5159, 07:00, 07:50, 7.8, , 71.0, 63.00, , 7.8, , 25, , 17.75, 53.25, , 2.49, 0.54, €
Flexible, 06/01/2019, 15/01/2019, PMI, BCN, IB, 5159, 07:00, 07:50, 7.8, , 501.0, 493.00, , 7.8, , 133, , 125.25, 375.75, , 2.49, 0.54, €
Optimal, 06/01/2019, 15/01/2019, PMI, BCN, IB, 5985, 08:40, 09:30, 7.8, , 77.0, 69.00, , 7.8, , 27, , 19.25, 57.75, , 2.49, 0.54, €
Flexible, 06/01/2019, 15/01/2019, PMI, BCN, IB, 5985, 08:40, 09:30, 7.8, , 501.0, 493.00, , 7.8, , 133, , 125.25, 375.75, , 2.49, 0.54, €
Optimal, 06/01/2019, 15/01/2019, PMI, BCN, IB, 5151, 13:35, 14:25, 7.8, , 67.0, 59.00, , 7.8, , 24, , 16.75, 50.25, , 2.49, 0.54, €
Flexible, 06/01/2019, 15/01/2019, PMI, BCN, IB, 5151, 13:35, 14:25, 7.8, , 501.0, 493.00, , 7.8, , 133, , 125.25, 375.75, , 2.49, 0.54, €
Optimal, 06/01/2019, 15/01/2019, PMI, BCN, IB, 5423, 15:40, 16:30, 7.8, , 67.0, 59.00, , 7.8, , 24, , 16.75, 50.25, , 2.49, 0.54, €
Flexible, 06/01/2019, 15/01/2019, PMI, BCN, IB, 5423, 15:40, 16:30, 7.8, , 501.0, 493.00, , 7.8, , 133, , 125.25, 375.75, , 2.49, 0.54, €
Optimal, 06/01/2019, 15/01/2019, PMI, BCN, IB, 5157, 17:30, 18:20, 7.8, , 67.0, 59.00, , 7.8, , 24, , 16.75, 50.25, , 2.49, 0.54, €
Flexible, 06/01/2019, 15/01/2019, PMI, BCN, IB, 5157, 17:30, 18:20, 7.8, , 501.0, 493.00, , 7.8, , 133, , 125.25, 375.75, , 2.49, 0.54, €
Optimal, 06/01/2019, 15/01/2019, PMI, BCN, IB, 5153, 18:30, 19:20, 7.8, , 67.0, 59.00, , 7.8, , 24, , 16.75, 50.25, , 2.49, 0.54, €
Flexible, 06/01/2019, 15/01/2019, PMI, BCN, IB, 5153, 18:30, 19:20, 7.8, , 501.0, 493.00, , 7.8, , 133, , 125.25, 375.75, , 2.49, 0.54, €
Optimal, 06/01/2019, 15/01/2019, PMI, BCN, IB, 5155, 19:40, 20:30, 7.8, , 67.0, 59.00, , 7.8, , 24, , 16.75, 50.25, , 2.49, 0.54, €
Flexible, 06/01/2019, 15/01/2019, PMI, BCN, IB, 5155, 19:40, 20:30, 7.8, , 501.0, 493.00, , 7.8, , 133, , 125.25, 375.75, , 2.49, 0.54, €
Optimal, 06/01/2019, 15/01/2019, PMI, BCN, IB, 5321, 21:00, 21:50, 7.8, , 67.0, 59.00, , 7.8, , 24, , 16.75, 50.25, , 2.49, 0.54, €
Flexible, 06/01/2019, 15/01/2019, PMI, BCN, IB, 5321, 21:00, 21:50, 7.8, , 501.0, 493.00, , 7.8, , 133, , 125.25, 375.75, , 2.49, 0.54, €
Optimal, 06/01/2019, 15/01/2019, PMI, BCN, IB, 5163, 21:50, 22:40, 7.8, , 67.0, 59.00, , 7.8, , 24, , 16.75, 50.25, , 2.49, 0.54, €
Flexible, 06/01/2019, 15/01/2019, PMI, BCN, IB, 5163, 21:50, 22:40, 7.8, , 501.0, 493.00, , 7.8, , 133, , 125.25, 375.75, , 2.49, 0.54, €
Optimal, 06/01/2019, 15/01/2019, PMI, AGP, IB, 5111, 16:50, 18:15, 7.8, , 63.0, 55.00, , 7.8, , 23, , 15.75, 47.25, , 2.49, 0.54, €
Flexible, 06/01/2019, 15/01/2019, PMI, AGP, IB, 5111, 16:50, 18:15, 7.8, , 521.0, 513.00, , 7.8, , 138, , 130.25, 390.75, , 2.49, 0.54, €
Basic, 06/01/2019, 15/01/2019, PMI, MAD, IB, 3917, 06:30, 07:55, 7.8, , 30.0, 22.00, , 7.8, , 15, , 7.5, 22.5, , 2.49, 0.54, €
Optimal, 06/01/2019, 15/01/2019, PMI, MAD, IB, 3917, 06:30, 07:55, 7.8, , 45.0, 37.00, , 7.8, , 19, , 11.25, 33.75, , 2.49, 0.54, €
Flexible, 06/01/2019, 15/01/2019, PMI, MAD, IB, 3917, 06:30, 07:55, 7.8, , 230.0, 222.00, , 7.8, , 65, , 57.5, 172.5, , 2.49, 0.54, €
Business Flexible, 06/01/2019, 15/01/2019, PMI, MAD, IB, 3917, 06:30, 07:55, 7.8, , 343.0, 335.00, , 7.8, , 93, , 85.75, 257.25, , 2.49, 0.54, €
Basic, 06/01/2019, 15/01/2019, PMI, MAD, IB, 3913, 09:25, 10:50, 7.8, , 83.0, 75.00, , 7.8, , 28, , 20.75, 62.25, , 2.49, 0.54, €
Optimal, 06/01/2019, 15/01/2019, PMI, MAD, IB, 3913, 09:25, 10:50, 7.8, , 98.0, 90.00, , 7.8, , 32, , 24.5, 73.5, , 2.49, 0.54, €
Flexible, 06/01/2019, 15/01/2019, PMI, MAD, IB, 3913, 09:25, 10:50, 7.8, , 230.0, 222.00, , 7.8, , 65, , 57.5, 172.5, , 2.49, 0.54, €
Business Flexible, 06/01/2019, 15/01/2019, PMI, MAD, IB, 3913, 09:25, 10:50, 7.8, , 343.0, 335.00, , 7.8, , 93, , 85.75, 257.25, , 2.49, 0.54, €
Basic, 06/01/2019, 15/01/2019, PMI, MAD, IB, 3919, 13:25, 14:50, 7.8, , 83.0, 75.00, , 7.8, , 28, , 20.75, 62.25, , 2.49, 0.54, €
Optimal, 06/01/2019, 15/01/2019, PMI, MAD, IB, 3919, 13:25, 14:50, 7.8, , 98.0, 90.00, , 7.8, , 32, , 24.5, 73.5, , 2.49, 0.54, €
Flexible, 06/01/2019, 15/01/2019, PMI, MAD, IB, 3919, 13:25, 14:50, 7.8, , 230.0, 222.00, , 7.8, , 65, , 57.5, 172.5, , 2.49, 0.54, €
Business Flexible, 06/01/2019, 15/01/2019, PMI, MAD, IB, 3919, 13:25, 14:50, 7.8, , 343.0, 335.00, , 7.8, , 93, , 85.75, 257.25, , 2.49, 0.54, €
Basic, 06/01/2019, 15/01/2019, PMI, MAD, IB, 3925, 17:55, 19:15, 7.8, , 83.0, 75.00, , 7.8, , 28, , 20.75, 62.25, , 2.49, 0.54, €
Optimal, 06/01/2019, 15/01/2019, PMI, MAD, IB, 3925, 17:55, 19:15, 7.8, , 98.0, 90.00, , 7.8, , 32, , 24.5, 73.5, , 2.49, 0.54, €
Flexible, 06/01/2019, 15/01/2019, PMI, MAD, IB, 3925, 17:55, 19:15, 7.8, , 230.0, 222.00, , 7.8, , 65, , 57.5, 172.5, , 2.49, 0.54, €
Business Flexible, 06/01/2019, 15/01/2019, PMI, MAD, IB, 3925, 17:55, 19:15, 7.8, , 343.0, 335.00, , 7.8, , 93, , 85.75, 257.25, , 2.49, 0.54, €
Basic, 06/01/2019, 15/01/2019, PMI, MAD, IB, 3921, 21:25, 22:45, 7.8, , 16.0, 8.00, , 7.8, , 11, , 4.0, 12.0, , 2.49, 0.54, €
Optimal, 06/01/2019, 15/01/2019, PMI, MAD, IB, 3921, 21:25, 22:45, 7.8, , 31.0, 23.00, , 7.8, , 15, , 7.75, 23.25, , 2.49, 0.54, €
Flexible, 06/01/2019, 15/01/2019, PMI, MAD, IB, 3921, 21:25, 22:45, 7.8, , 230.0, 222.00, , 7.8, , 65, , 57.5, 172.5, , 2.49, 0.54, €
Business Flexible, 06/01/2019, 15/01/2019, PMI, MAD, IB, 3921, 21:25, 22:45, 7.8, , 343.0, 335.00, , 7.8, , 93, , 85.75, 257.25, , 2.49, 0.54, €
Optimal, 06/01/2019, 15/01/2019, PMI, SVQ, IB, 5265, 14:50, 16:20, 7.8, , 71.0, 63.00, , 7.8, , 25, , 17.75, 53.25, , 2.49, 0.54, €
Flexible, 06/01/2019, 15/01/2019, PMI, SVQ, IB, 5265, 14:50, 16:20, 7.8, , 522.0, 514.00, , 7.8, , 138, , 130.5, 391.5, , 2.49, 0.54, €
Basic, 06/01/2019, 15/01/2019, PMI, VLC, IB, 8633, 11:50, 12:45, 7.8, , 39.0, 31.00, , 7.8, , 17, , 9.75, 29.25, , 2.49, 0.54, €
Optimal, 06/01/2019, 15/01/2019, PMI, VLC, IB, 8633, 11:50, 12:45, 7.8, , 52.0, 44.00, , 7.8, , 20, , 13.0, 39.0, , 2.49, 0.54, €
Flexible, 06/01/2019, 15/01/2019, PMI, VLC, IB, 8633, 11:50, 12:45, 7.8, , 275.0, 267.00, , 7.8, , 76, , 68.75, 206.25, , 2.49, 0.54, €
Business Flexible, 06/01/2019, 15/01/2019, PMI, VLC, IB, 8633, 11:50, 12:45, 7.8, , 335.0, 327.00, , 7.8, , 91, , 83.75, 251.25, , 2.49, 0.54, €
None, 06/01/2019, 15/01/2019, PMI, VLC, IB, 8633, 11:50, 12:45, 7.8, , 498.0, 490.00, , 7.8, , 132, , 124.5, 373.5, , 2.49, 0.54, €
Optimal, 06/01/2019, 15/01/2019, PMI, VLC, IB, 5168, 20:55, 21:50, 7.8, , 53.0, 45.00, , 7.8, , 21, , 13.25, 39.75, , 2.49, 0.54, €
Flexible, 06/01/2019, 15/01/2019, PMI, VLC, IB, 5168, 20:55, 21:50, 7.8, , 449.0, 441.00, , 7.8, , 120, , 112.25, 336.75, , 2.49, 0.54, €
Optimal, 06/01/2019, 15/01/2019, SVQ, LPA, IB, 5690, 09:50, 11:10, 9.91, , 27.0, 16.75, , 9.91, , 16, , 6.75, 20.25, , 3.50, 0.61, €
Flexible, 06/01/2019, 15/01/2019, SVQ, LPA, IB, 5690, 09:50, 11:10, 9.91, , 133.0, 123.50, , 9.91, , 43, , 33.25, 99.75, , 3.50, 0.61, €
Optimal, 06/01/2019, 15/01/2019, SVQ, PMI, IB, 5545, 12:45, 14:15, 10.36, , 83.0, 73.00, , 10.36, , 31, , 20.75, 62.25, , 3.66, 0.64, €
Flexible, 06/01/2019, 15/01/2019, SVQ, PMI, IB, 5545, 12:45, 14:15, 10.36, , 523.0, 513.00, , 10.36, , 141, , 130.75, 392.25, , 3.66, 0.64, €
