DepartDate,Origin,Destination,Carrier
03/02/2019,ABZ,BHD,BE
03/06/2019,ABZ,BHD,BE
03/07/2019,ABZ,BHD,BE
04/04/2019,ABZ,BHD,BE
04/05/2019,ABZ,BHD,BE
05/01/2019,ABZ,BHD,BE
05/03/2019,ABZ,BHD,BE
07/01/2019,ABZ,BHD,BE
11/01/2019,ABZ,BHD,BE
18/01/2019,ABZ,BHD,BE
03/02/2019,ABZ,BHX,BE
03/06/2019,ABZ,BHX,BE
03/07/2019,ABZ,BHX,BE
04/04/2019,ABZ,BHX,BE
04/05/2019,ABZ,BHX,BE
05/01/2019,ABZ,BHX,BE
05/03/2019,ABZ,BHX,BE
07/01/2019,ABZ,BHX,BE
11/01/2019,ABZ,BHX,BE
18/01/2019,ABZ,BHX,BE
04/05/2019,ABZ,JER,BE
03/02/2019,ABZ,LHR,BE
03/06/2019,ABZ,LHR,BE
03/07/2019,ABZ,LHR,BE
04/04/2019,ABZ,LHR,BE
04/05/2019,ABZ,LHR,BE
05/01/2019,ABZ,LHR,BE
05/03/2019,ABZ,LHR,BE
07/01/2019,ABZ,LHR,BE
11/01/2019,ABZ,LHR,BE
18/01/2019,ABZ,LHR,BE
03/02/2019,ABZ,MAN,BE
03/06/2019,ABZ,MAN,BE
03/07/2019,ABZ,MAN,BE
04/04/2019,ABZ,MAN,BE
04/05/2019,ABZ,MAN,BE
05/01/2019,ABZ,MAN,BE
05/03/2019,ABZ,MAN,BE
07/01/2019,ABZ,MAN,BE
11/01/2019,ABZ,MAN,BE
18/01/2019,ABZ,MAN,BE
11/01/2019,ABZ,SOU,BE
18/01/2019,ABZ,SOU,BE
03/06/2019,AGP,DSA,BE
04/05/2019,AGP,DSA,BE
03/06/2019,AGP,EXT,BE
04/04/2019,AGP,EXT,BE
04/05/2019,AGP,EXT,BE
07/01/2019,AGP,EXT,BE
11/01/2019,AGP,EXT,BE
18/01/2019,AGP,EXT,BE
03/06/2019,AGP,NWI,BE
04/04/2019,AGP,NWI,BE
03/06/2019,AGP,SOU,BE
03/07/2019,AGP,SOU,BE
04/05/2019,AGP,SOU,BE
05/01/2019,ALC,DSA,BE
05/03/2019,ALC,DSA,BE
03/02/2019,ALC,EXT,BE
03/07/2019,ALC,EXT,BE
05/03/2019,ALC,EXT,BE
03/06/2019,ALC,SOU,BE
03/07/2019,ALC,SOU,BE
05/01/2019,ALC,SOU,BE
03/02/2019,AMS,BHX,BE
03/06/2019,AMS,BHX,BE
03/07/2019,AMS,BHX,BE
04/04/2019,AMS,BHX,BE
04/05/2019,AMS,BHX,BE
05/01/2019,AMS,BHX,BE
05/03/2019,AMS,BHX,BE
07/01/2019,AMS,BHX,BE
11/01/2019,AMS,BHX,BE
18/01/2019,AMS,BHX,BE
03/02/2019,AMS,DSA,BE
03/06/2019,AMS,DSA,BE
03/07/2019,AMS,DSA,BE
04/04/2019,AMS,DSA,BE
04/05/2019,AMS,DSA,BE
05/01/2019,AMS,DSA,BE
05/03/2019,AMS,DSA,BE
07/01/2019,AMS,DSA,BE
11/01/2019,AMS,DSA,BE
18/01/2019,AMS,DSA,BE
03/02/2019,AMS,EMA,BE
03/06/2019,AMS,EMA,BE
03/07/2019,AMS,EMA,BE
04/04/2019,AMS,EMA,BE
04/05/2019,AMS,EMA,BE
05/01/2019,AMS,EMA,BE
05/03/2019,AMS,EMA,BE
07/01/2019,AMS,EMA,BE
11/01/2019,AMS,EMA,BE
18/01/2019,AMS,EMA,BE
03/02/2019,AMS,EXT,BE
03/06/2019,AMS,EXT,BE
03/07/2019,AMS,EXT,BE
04/04/2019,AMS,EXT,BE
04/05/2019,AMS,EXT,BE
05/01/2019,AMS,EXT,BE
05/03/2019,AMS,EXT,BE
07/01/2019,AMS,EXT,BE
11/01/2019,AMS,EXT,BE
18/01/2019,AMS,EXT,BE
03/02/2019,AMS,LCY,BE
03/06/2019,AMS,LCY,BE
03/07/2019,AMS,LCY,BE
04/04/2019,AMS,LCY,BE
04/05/2019,AMS,LCY,BE
05/01/2019,AMS,LCY,BE
05/03/2019,AMS,LCY,BE
07/01/2019,AMS,LCY,BE
11/01/2019,AMS,LCY,BE
18/01/2019,AMS,LCY,BE
03/02/2019,AMS,MAN,BE
03/06/2019,AMS,MAN,BE
03/07/2019,AMS,MAN,BE
04/04/2019,AMS,MAN,BE
04/05/2019,AMS,MAN,BE
05/01/2019,AMS,MAN,BE
05/03/2019,AMS,MAN,BE
07/01/2019,AMS,MAN,BE
11/01/2019,AMS,MAN,BE
18/01/2019,AMS,MAN,BE
03/02/2019,AMS,SOU,BE
03/06/2019,AMS,SOU,BE
03/07/2019,AMS,SOU,BE
04/04/2019,AMS,SOU,BE
04/05/2019,AMS,SOU,BE
05/01/2019,AMS,SOU,BE
05/03/2019,AMS,SOU,BE
07/01/2019,AMS,SOU,BE
11/01/2019,AMS,SOU,BE
18/01/2019,AMS,SOU,BE
03/02/2019,BHD,ABZ,BE
03/06/2019,BHD,ABZ,BE
03/07/2019,BHD,ABZ,BE
04/04/2019,BHD,ABZ,BE
04/05/2019,BHD,ABZ,BE
05/01/2019,BHD,ABZ,BE
05/03/2019,BHD,ABZ,BE
07/01/2019,BHD,ABZ,BE
11/01/2019,BHD,ABZ,BE
18/01/2019,BHD,ABZ,BE
03/02/2019,BHD,BHX,BE
03/06/2019,BHD,BHX,BE
03/07/2019,BHD,BHX,BE
04/04/2019,BHD,BHX,BE
04/05/2019,BHD,BHX,BE
05/01/2019,BHD,BHX,BE
05/03/2019,BHD,BHX,BE
07/01/2019,BHD,BHX,BE
11/01/2019,BHD,BHX,BE
18/01/2019,BHD,BHX,BE
03/02/2019,BHD,CWL,BE
03/06/2019,BHD,CWL,BE
03/07/2019,BHD,CWL,BE
04/04/2019,BHD,CWL,BE
05/01/2019,BHD,CWL,BE
05/03/2019,BHD,CWL,BE
07/01/2019,BHD,CWL,BE
11/01/2019,BHD,CWL,BE
18/01/2019,BHD,CWL,BE
03/02/2019,BHD,DSA,BE
03/06/2019,BHD,DSA,BE
03/07/2019,BHD,DSA,BE
04/04/2019,BHD,DSA,BE
07/01/2019,BHD,DSA,BE
11/01/2019,BHD,DSA,BE
18/01/2019,BHD,DSA,BE
03/02/2019,BHD,EDI,BE
03/06/2019,BHD,EDI,BE
03/07/2019,BHD,EDI,BE
04/04/2019,BHD,EDI,BE
04/05/2019,BHD,EDI,BE
05/01/2019,BHD,EDI,BE
05/03/2019,BHD,EDI,BE
07/01/2019,BHD,EDI,BE
11/01/2019,BHD,EDI,BE
18/01/2019,BHD,EDI,BE
03/02/2019,BHD,EMA,BE
03/06/2019,BHD,EMA,BE
03/07/2019,BHD,EMA,BE
04/04/2019,BHD,EMA,BE
04/05/2019,BHD,EMA,BE
05/01/2019,BHD,EMA,BE
05/03/2019,BHD,EMA,BE
07/01/2019,BHD,EMA,BE
11/01/2019,BHD,EMA,BE
18/01/2019,BHD,EMA,BE
03/02/2019,BHD,EXT,BE
03/06/2019,BHD,EXT,BE
03/07/2019,BHD,EXT,BE
04/04/2019,BHD,EXT,BE
04/05/2019,BHD,EXT,BE
05/01/2019,BHD,EXT,BE
07/01/2019,BHD,EXT,BE
11/01/2019,BHD,EXT,BE
18/01/2019,BHD,EXT,BE
03/02/2019,BHD,GLA,BE
03/06/2019,BHD,GLA,BE
03/07/2019,BHD,GLA,BE
04/04/2019,BHD,GLA,BE
04/05/2019,BHD,GLA,BE
05/01/2019,BHD,GLA,BE
05/03/2019,BHD,GLA,BE
07/01/2019,BHD,GLA,BE
11/01/2019,BHD,GLA,BE
18/01/2019,BHD,GLA,BE
03/02/2019,BHD,INV,BE
03/06/2019,BHD,INV,BE
03/07/2019,BHD,INV,BE
04/04/2019,BHD,INV,BE
04/05/2019,BHD,INV,BE
05/01/2019,BHD,INV,BE
07/01/2019,BHD,INV,BE
11/01/2019,BHD,INV,BE
18/01/2019,BHD,INV,BE
03/02/2019,BHD,LBA,BE
03/06/2019,BHD,LBA,BE
03/07/2019,BHD,LBA,BE
04/04/2019,BHD,LBA,BE
04/05/2019,BHD,LBA,BE
05/01/2019,BHD,LBA,BE
05/03/2019,BHD,LBA,BE
07/01/2019,BHD,LBA,BE
11/01/2019,BHD,LBA,BE
18/01/2019,BHD,LBA,BE
03/02/2019,BHD,LCY,BE
03/06/2019,BHD,LCY,BE
03/07/2019,BHD,LCY,BE
04/04/2019,BHD,LCY,BE
04/05/2019,BHD,LCY,BE
05/01/2019,BHD,LCY,BE
05/03/2019,BHD,LCY,BE
07/01/2019,BHD,LCY,BE
11/01/2019,BHD,LCY,BE
18/01/2019,BHD,LCY,BE
03/02/2019,BHD,MAN,BE
03/06/2019,BHD,MAN,BE
03/07/2019,BHD,MAN,BE
04/04/2019,BHD,MAN,BE
04/05/2019,BHD,MAN,BE
05/01/2019,BHD,MAN,BE
05/03/2019,BHD,MAN,BE
07/01/2019,BHD,MAN,BE
11/01/2019,BHD,MAN,BE
18/01/2019,BHD,MAN,BE
03/07/2019,BHD,NQY,BE
03/02/2019,BHD,SOU,BE
03/06/2019,BHD,SOU,BE
03/07/2019,BHD,SOU,BE
04/04/2019,BHD,SOU,BE
04/05/2019,BHD,SOU,BE
05/01/2019,BHD,SOU,BE
05/03/2019,BHD,SOU,BE
07/01/2019,BHD,SOU,BE
11/01/2019,BHD,SOU,BE
18/01/2019,BHD,SOU,BE
03/02/2019,BHX,ABZ,BE
03/06/2019,BHX,ABZ,BE
03/07/2019,BHX,ABZ,BE
04/04/2019,BHX,ABZ,BE
04/05/2019,BHX,ABZ,BE
05/01/2019,BHX,ABZ,BE
05/03/2019,BHX,ABZ,BE
07/01/2019,BHX,ABZ,BE
11/01/2019,BHX,ABZ,BE
18/01/2019,BHX,ABZ,BE
03/02/2019,BHX,AMS,BE
03/06/2019,BHX,AMS,BE
03/07/2019,BHX,AMS,BE
04/04/2019,BHX,AMS,BE
04/05/2019,BHX,AMS,BE
05/01/2019,BHX,AMS,BE
05/03/2019,BHX,AMS,BE
07/01/2019,BHX,AMS,BE
11/01/2019,BHX,AMS,BE
18/01/2019,BHX,AMS,BE
03/02/2019,BHX,BHD,BE
03/06/2019,BHX,BHD,BE
03/07/2019,BHX,BHD,BE
04/04/2019,BHX,BHD,BE
04/05/2019,BHX,BHD,BE
05/01/2019,BHX,BHD,BE
05/03/2019,BHX,BHD,BE
07/01/2019,BHX,BHD,BE
11/01/2019,BHX,BHD,BE
18/01/2019,BHX,BHD,BE
03/06/2019,BHX,BOD,BE
03/07/2019,BHX,BOD,BE
04/05/2019,BHX,BOD,BE
03/02/2019,BHX,CDG,BE
03/06/2019,BHX,CDG,BE
03/07/2019,BHX,CDG,BE
04/04/2019,BHX,CDG,BE
04/05/2019,BHX,CDG,BE
05/01/2019,BHX,CDG,BE
05/03/2019,BHX,CDG,BE
07/01/2019,BHX,CDG,BE
11/01/2019,BHX,CDG,BE
18/01/2019,BHX,CDG,BE
05/01/2019,BHX,CMF,BE
03/02/2019,BHX,DUS,BE
03/06/2019,BHX,DUS,BE
03/07/2019,BHX,DUS,BE
04/04/2019,BHX,DUS,BE
04/05/2019,BHX,DUS,BE
05/01/2019,BHX,DUS,BE
05/03/2019,BHX,DUS,BE
07/01/2019,BHX,DUS,BE
11/01/2019,BHX,DUS,BE
18/01/2019,BHX,DUS,BE
03/02/2019,BHX,EDI,BE
03/06/2019,BHX,EDI,BE
03/07/2019,BHX,EDI,BE
04/04/2019,BHX,EDI,BE
04/05/2019,BHX,EDI,BE
05/01/2019,BHX,EDI,BE
05/03/2019,BHX,EDI,BE
07/01/2019,BHX,EDI,BE
11/01/2019,BHX,EDI,BE
18/01/2019,BHX,EDI,BE
04/04/2019,BHX,EGC,BE
04/05/2019,BHX,EGC,BE
03/02/2019,BHX,GCI,BE
03/06/2019,BHX,GCI,BE
03/07/2019,BHX,GCI,BE
04/04/2019,BHX,GCI,BE
04/05/2019,BHX,GCI,BE
05/03/2019,BHX,GCI,BE
07/01/2019,BHX,GCI,BE
11/01/2019,BHX,GCI,BE
18/01/2019,BHX,GCI,BE
03/02/2019,BHX,GLA,BE
03/06/2019,BHX,GLA,BE
03/07/2019,BHX,GLA,BE
04/04/2019,BHX,GLA,BE
04/05/2019,BHX,GLA,BE
05/01/2019,BHX,GLA,BE
05/03/2019,BHX,GLA,BE
07/01/2019,BHX,GLA,BE
11/01/2019,BHX,GLA,BE
18/01/2019,BHX,GLA,BE
05/01/2019,BHX,GVA,BE
03/02/2019,BHX,HAJ,BE
03/06/2019,BHX,HAJ,BE
04/04/2019,BHX,HAJ,BE
07/01/2019,BHX,HAJ,BE
11/01/2019,BHX,HAJ,BE
18/01/2019,BHX,HAJ,BE
03/02/2019,BHX,HAM,BE
03/06/2019,BHX,HAM,BE
03/07/2019,BHX,HAM,BE
04/04/2019,BHX,HAM,BE
07/01/2019,BHX,HAM,BE
11/01/2019,BHX,HAM,BE
18/01/2019,BHX,HAM,BE
03/02/2019,BHX,INV,BE
03/06/2019,BHX,INV,BE
03/07/2019,BHX,INV,BE
04/04/2019,BHX,INV,BE
04/05/2019,BHX,INV,BE
05/03/2019,BHX,INV,BE
07/01/2019,BHX,INV,BE
11/01/2019,BHX,INV,BE
18/01/2019,BHX,INV,BE
03/06/2019,BHX,IOM,BE
03/07/2019,BHX,IOM,BE
04/04/2019,BHX,IOM,BE
04/05/2019,BHX,IOM,BE
05/01/2019,BHX,IOM,BE
03/06/2019,BHX,JER,BE
03/06/2019,BHX,JER,BE
03/07/2019,BHX,JER,BE
03/07/2019,BHX,JER,BE
04/04/2019,BHX,JER,BE
04/04/2019,BHX,JER,BE
04/05/2019,BHX,JER,BE
04/05/2019,BHX,JER,BE
05/01/2019,BHX,JER,BE
05/03/2019,BHX,JER,BE
07/01/2019,BHX,JER,BE
11/01/2019,BHX,JER,BE
18/01/2019,BHX,JER,BE
03/07/2019,BHX,LRH,BE
03/02/2019,BHX,LYS,BE
03/06/2019,BHX,LYS,BE
03/07/2019,BHX,LYS,BE
04/04/2019,BHX,LYS,BE
04/05/2019,BHX,LYS,BE
05/01/2019,BHX,LYS,BE
05/03/2019,BHX,LYS,BE
07/01/2019,BHX,LYS,BE
11/01/2019,BHX,LYS,BE
18/01/2019,BHX,LYS,BE
03/02/2019,BHX,MXP,BE
03/06/2019,BHX,MXP,BE
03/07/2019,BHX,MXP,BE
04/04/2019,BHX,MXP,BE
04/05/2019,BHX,MXP,BE
05/01/2019,BHX,MXP,BE
05/03/2019,BHX,MXP,BE
07/01/2019,BHX,MXP,BE
11/01/2019,BHX,MXP,BE
18/01/2019,BHX,MXP,BE
03/02/2019,BHX,NOC,BE
03/06/2019,BHX,NOC,BE
03/07/2019,BHX,NOC,BE
04/04/2019,BHX,NOC,BE
04/05/2019,BHX,NOC,BE
05/01/2019,BHX,NOC,BE
07/01/2019,BHX,NOC,BE
11/01/2019,BHX,NOC,BE
18/01/2019,BHX,NOC,BE
03/06/2019,BHX,NQY,BE
03/07/2019,BHX,NQY,BE
04/04/2019,BHX,NQY,BE
04/05/2019,BHX,NQY,BE
05/01/2019,BHX,NQY,BE
03/06/2019,BHX,NTE,BE
03/07/2019,BHX,NTE,BE
05/01/2019,BHX,NTE,BE
03/02/2019,BHX,STR,BE
03/06/2019,BHX,STR,BE
03/07/2019,BHX,STR,BE
04/04/2019,BHX,STR,BE
05/03/2019,BHX,STR,BE
07/01/2019,BHX,STR,BE
11/01/2019,BHX,STR,BE
18/01/2019,BHX,STR,BE
03/02/2019,BHX,TXL,BE
03/06/2019,BHX,TXL,BE
03/07/2019,BHX,TXL,BE
04/04/2019,BHX,TXL,BE
04/05/2019,BHX,TXL,BE
05/03/2019,BHX,TXL,BE
07/01/2019,BHX,TXL,BE
11/01/2019,BHX,TXL,BE
18/01/2019,BHX,TXL,BE
03/06/2019,BOD,BHX,BE
03/07/2019,BOD,BHX,BE
04/05/2019,BOD,BHX,BE
03/06/2019,BOD,SOU,BE
03/02/2019,CDG,BHX,BE
03/06/2019,CDG,BHX,BE
03/07/2019,CDG,BHX,BE
04/04/2019,CDG,BHX,BE
04/05/2019,CDG,BHX,BE
05/01/2019,CDG,BHX,BE
05/03/2019,CDG,BHX,BE
07/01/2019,CDG,BHX,BE
11/01/2019,CDG,BHX,BE
18/01/2019,CDG,BHX,BE
03/02/2019,CDG,CWL,BE
03/06/2019,CDG,CWL,BE
03/07/2019,CDG,CWL,BE
04/04/2019,CDG,CWL,BE
04/05/2019,CDG,CWL,BE
05/01/2019,CDG,CWL,BE
05/03/2019,CDG,CWL,BE
07/01/2019,CDG,CWL,BE
11/01/2019,CDG,CWL,BE
18/01/2019,CDG,CWL,BE
03/06/2019,CDG,DSA,BE
07/01/2019,CDG,DSA,BE
11/01/2019,CDG,DSA,BE
18/01/2019,CDG,DSA,BE
03/02/2019,CDG,EXT,BE
03/06/2019,CDG,EXT,BE
03/07/2019,CDG,EXT,BE
04/04/2019,CDG,EXT,BE
04/05/2019,CDG,EXT,BE
05/01/2019,CDG,EXT,BE
05/03/2019,CDG,EXT,BE
07/01/2019,CDG,EXT,BE
11/01/2019,CDG,EXT,BE
18/01/2019,CDG,EXT,BE
03/02/2019,CDG,MAN,BE
03/06/2019,CDG,MAN,BE
03/07/2019,CDG,MAN,BE
04/04/2019,CDG,MAN,BE
04/05/2019,CDG,MAN,BE
05/01/2019,CDG,MAN,BE
05/03/2019,CDG,MAN,BE
07/01/2019,CDG,MAN,BE
11/01/2019,CDG,MAN,BE
18/01/2019,CDG,MAN,BE
03/02/2019,CDG,SOU,BE
03/06/2019,CDG,SOU,BE
03/07/2019,CDG,SOU,BE
04/04/2019,CDG,SOU,BE
04/05/2019,CDG,SOU,BE
05/01/2019,CDG,SOU,BE
05/03/2019,CDG,SOU,BE
07/01/2019,CDG,SOU,BE
11/01/2019,CDG,SOU,BE
18/01/2019,CDG,SOU,BE
05/01/2019,CMF,BHX,BE
05/01/2019,CMF,CWL,BE
05/01/2019,CMF,EXT,BE
03/02/2019,CMF,MAN,BE
05/01/2019,CMF,SOU,BE
05/01/2019,CMF,SOU,BE
03/02/2019,CWL,BHD,BE
03/06/2019,CWL,BHD,BE
03/07/2019,CWL,BHD,BE
04/04/2019,CWL,BHD,BE
05/01/2019,CWL,BHD,BE
05/03/2019,CWL,BHD,BE
07/01/2019,CWL,BHD,BE
11/01/2019,CWL,BHD,BE
18/01/2019,CWL,BHD,BE
03/02/2019,CWL,CDG,BE
03/06/2019,CWL,CDG,BE
03/07/2019,CWL,CDG,BE
04/04/2019,CWL,CDG,BE
04/05/2019,CWL,CDG,BE
05/01/2019,CWL,CDG,BE
05/03/2019,CWL,CDG,BE
07/01/2019,CWL,CDG,BE
11/01/2019,CWL,CDG,BE
18/01/2019,CWL,CDG,BE
05/01/2019,CWL,CMF,BE
03/02/2019,CWL,DUB,BE
03/06/2019,CWL,DUB,BE
03/07/2019,CWL,DUB,BE
04/04/2019,CWL,DUB,BE
04/05/2019,CWL,DUB,BE
05/01/2019,CWL,DUB,BE
05/03/2019,CWL,DUB,BE
07/01/2019,CWL,DUB,BE
11/01/2019,CWL,DUB,BE
18/01/2019,CWL,DUB,BE
03/02/2019,CWL,EDI,BE
03/06/2019,CWL,EDI,BE
03/07/2019,CWL,EDI,BE
04/04/2019,CWL,EDI,BE
04/05/2019,CWL,EDI,BE
05/01/2019,CWL,EDI,BE
05/03/2019,CWL,EDI,BE
07/01/2019,CWL,EDI,BE
11/01/2019,CWL,EDI,BE
18/01/2019,CWL,EDI,BE
03/02/2019,CWL,FAO,BE
04/04/2019,CWL,FAO,BE
04/05/2019,CWL,FAO,BE
04/05/2019,CWL,FCO,BE
05/01/2019,CWL,FCO,BE
05/03/2019,CWL,FCO,BE
03/02/2019,CWL,GLA,BE
03/06/2019,CWL,GLA,BE
03/07/2019,CWL,GLA,BE
04/04/2019,CWL,GLA,BE
07/01/2019,CWL,GLA,BE
11/01/2019,CWL,GLA,BE
18/01/2019,CWL,GLA,BE
05/01/2019,CWL,GVA,BE
05/03/2019,CWL,GVA,BE
03/06/2019,CWL,JER,BE
04/05/2019,CWL,JER,BE
07/01/2019,CWL,JER,BE
11/01/2019,CWL,JER,BE
18/01/2019,CWL,JER,BE
03/06/2019,CWL,MUC,BE
07/01/2019,CWL,MUC,BE
03/07/2019,CWL,MXP,BE
04/05/2019,CWL,MXP,BE
07/01/2019,CWL,MXP,BE
03/02/2019,CWL,ORK,BE
04/04/2019,CWL,ORK,BE
05/03/2019,CWL,ORK,BE
04/05/2019,CWL,VCE,BE
03/07/2019,CWL,VRN,BE
04/05/2019,CWL,VRN,BE
03/06/2019,DSA,AGP,BE
04/05/2019,DSA,AGP,BE
05/01/2019,DSA,ALC,BE
05/03/2019,DSA,ALC,BE
03/02/2019,DSA,AMS,BE
03/06/2019,DSA,AMS,BE
03/07/2019,DSA,AMS,BE
04/04/2019,DSA,AMS,BE
04/05/2019,DSA,AMS,BE
05/01/2019,DSA,AMS,BE
05/03/2019,DSA,AMS,BE
07/01/2019,DSA,AMS,BE
11/01/2019,DSA,AMS,BE
18/01/2019,DSA,AMS,BE
03/02/2019,DSA,BHD,BE
03/06/2019,DSA,BHD,BE
03/07/2019,DSA,BHD,BE
04/04/2019,DSA,BHD,BE
07/01/2019,DSA,BHD,BE
11/01/2019,DSA,BHD,BE
18/01/2019,DSA,BHD,BE
03/06/2019,DSA,CDG,BE
07/01/2019,DSA,CDG,BE
11/01/2019,DSA,CDG,BE
18/01/2019,DSA,CDG,BE
03/02/2019,DSA,DUB,BE
03/06/2019,DSA,DUB,BE
03/07/2019,DSA,DUB,BE
04/04/2019,DSA,DUB,BE
04/05/2019,DSA,DUB,BE
07/01/2019,DSA,DUB,BE
11/01/2019,DSA,DUB,BE
18/01/2019,DSA,DUB,BE
04/04/2019,DSA,FAO,BE
04/05/2019,DSA,FAO,BE
03/06/2019,DSA,JER,BE
03/07/2019,DSA,JER,BE
04/04/2019,DSA,JER,BE
04/05/2019,DSA,JER,BE
05/01/2019,DSA,JER,BE
03/02/2019,DUB,CWL,BE
03/06/2019,DUB,CWL,BE
03/07/2019,DUB,CWL,BE
04/04/2019,DUB,CWL,BE
04/05/2019,DUB,CWL,BE
05/01/2019,DUB,CWL,BE
05/03/2019,DUB,CWL,BE
07/01/2019,DUB,CWL,BE
11/01/2019,DUB,CWL,BE
18/01/2019,DUB,CWL,BE
03/02/2019,DUB,DSA,BE
03/06/2019,DUB,DSA,BE
03/07/2019,DUB,DSA,BE
04/04/2019,DUB,DSA,BE
04/05/2019,DUB,DSA,BE
07/01/2019,DUB,DSA,BE
11/01/2019,DUB,DSA,BE
18/01/2019,DUB,DSA,BE
03/02/2019,DUB,EXT,BE
03/06/2019,DUB,EXT,BE
03/07/2019,DUB,EXT,BE
04/04/2019,DUB,EXT,BE
04/05/2019,DUB,EXT,BE
05/01/2019,DUB,EXT,BE
07/01/2019,DUB,EXT,BE
11/01/2019,DUB,EXT,BE
18/01/2019,DUB,EXT,BE
03/02/2019,DUB,SOU,BE
03/06/2019,DUB,SOU,BE
03/07/2019,DUB,SOU,BE
04/04/2019,DUB,SOU,BE
04/05/2019,DUB,SOU,BE
05/01/2019,DUB,SOU,BE
05/03/2019,DUB,SOU,BE
07/01/2019,DUB,SOU,BE
11/01/2019,DUB,SOU,BE
18/01/2019,DUB,SOU,BE
03/02/2019,DUS,BHX,BE
03/06/2019,DUS,BHX,BE
03/07/2019,DUS,BHX,BE
04/04/2019,DUS,BHX,BE
04/05/2019,DUS,BHX,BE
05/01/2019,DUS,BHX,BE
05/03/2019,DUS,BHX,BE
07/01/2019,DUS,BHX,BE
11/01/2019,DUS,BHX,BE
18/01/2019,DUS,BHX,BE
03/02/2019,DUS,LBA,BE
03/06/2019,DUS,LBA,BE
03/07/2019,DUS,LBA,BE
04/04/2019,DUS,LBA,BE
07/01/2019,DUS,LBA,BE
11/01/2019,DUS,LBA,BE
18/01/2019,DUS,LBA,BE
03/02/2019,DUS,LCY,BE
03/06/2019,DUS,LCY,BE
03/07/2019,DUS,LCY,BE
04/04/2019,DUS,LCY,BE
05/03/2019,DUS,LCY,BE
07/01/2019,DUS,LCY,BE
11/01/2019,DUS,LCY,BE
18/01/2019,DUS,LCY,BE
03/02/2019,DUS,MAN,BE
03/06/2019,DUS,MAN,BE
03/07/2019,DUS,MAN,BE
04/04/2019,DUS,MAN,BE
04/05/2019,DUS,MAN,BE
05/03/2019,DUS,MAN,BE
07/01/2019,DUS,MAN,BE
11/01/2019,DUS,MAN,BE
18/01/2019,DUS,MAN,BE
03/02/2019,DUS,SOU,BE
03/06/2019,DUS,SOU,BE
03/07/2019,DUS,SOU,BE
04/04/2019,DUS,SOU,BE
07/01/2019,DUS,SOU,BE
11/01/2019,DUS,SOU,BE
18/01/2019,DUS,SOU,BE
03/02/2019,EDI,BHD,BE
03/06/2019,EDI,BHD,BE
03/07/2019,EDI,BHD,BE
04/04/2019,EDI,BHD,BE
04/05/2019,EDI,BHD,BE
05/01/2019,EDI,BHD,BE
05/03/2019,EDI,BHD,BE
07/01/2019,EDI,BHD,BE
11/01/2019,EDI,BHD,BE
18/01/2019,EDI,BHD,BE
03/02/2019,EDI,BHX,BE
03/06/2019,EDI,BHX,BE
03/07/2019,EDI,BHX,BE
04/04/2019,EDI,BHX,BE
04/05/2019,EDI,BHX,BE
05/01/2019,EDI,BHX,BE
05/03/2019,EDI,BHX,BE
07/01/2019,EDI,BHX,BE
11/01/2019,EDI,BHX,BE
18/01/2019,EDI,BHX,BE
03/02/2019,EDI,CWL,BE
03/06/2019,EDI,CWL,BE
03/07/2019,EDI,CWL,BE
04/04/2019,EDI,CWL,BE
04/05/2019,EDI,CWL,BE
05/01/2019,EDI,CWL,BE
05/03/2019,EDI,CWL,BE
07/01/2019,EDI,CWL,BE
11/01/2019,EDI,CWL,BE
18/01/2019,EDI,CWL,BE
03/02/2019,EDI,EMA,BE
03/06/2019,EDI,EMA,BE
03/07/2019,EDI,EMA,BE
04/04/2019,EDI,EMA,BE
04/05/2019,EDI,EMA,BE
05/01/2019,EDI,EMA,BE
05/03/2019,EDI,EMA,BE
07/01/2019,EDI,EMA,BE
11/01/2019,EDI,EMA,BE
18/01/2019,EDI,EMA,BE
03/02/2019,EDI,EXT,BE
03/06/2019,EDI,EXT,BE
03/07/2019,EDI,EXT,BE
04/04/2019,EDI,EXT,BE
04/05/2019,EDI,EXT,BE
05/01/2019,EDI,EXT,BE
05/03/2019,EDI,EXT,BE
07/01/2019,EDI,EXT,BE
11/01/2019,EDI,EXT,BE
18/01/2019,EDI,EXT,BE
03/02/2019,EDI,LCY,BE
03/06/2019,EDI,LCY,BE
03/07/2019,EDI,LCY,BE
04/04/2019,EDI,LCY,BE
04/05/2019,EDI,LCY,BE
05/01/2019,EDI,LCY,BE
05/03/2019,EDI,LCY,BE
07/01/2019,EDI,LCY,BE
11/01/2019,EDI,LCY,BE
18/01/2019,EDI,LCY,BE
03/02/2019,EDI,LHR,BE
03/06/2019,EDI,LHR,BE
03/07/2019,EDI,LHR,BE
04/04/2019,EDI,LHR,BE
04/05/2019,EDI,LHR,BE
05/01/2019,EDI,LHR,BE
05/03/2019,EDI,LHR,BE
07/01/2019,EDI,LHR,BE
11/01/2019,EDI,LHR,BE
18/01/2019,EDI,LHR,BE
03/02/2019,EDI,MAN,BE
03/06/2019,EDI,MAN,BE
03/07/2019,EDI,MAN,BE
04/04/2019,EDI,MAN,BE
04/05/2019,EDI,MAN,BE
05/01/2019,EDI,MAN,BE
05/03/2019,EDI,MAN,BE
07/01/2019,EDI,MAN,BE
11/01/2019,EDI,MAN,BE
18/01/2019,EDI,MAN,BE
03/02/2019,EDI,NOC,BE
03/06/2019,EDI,NOC,BE
04/04/2019,EDI,NOC,BE
04/05/2019,EDI,NOC,BE
07/01/2019,EDI,NOC,BE
11/01/2019,EDI,NOC,BE
18/01/2019,EDI,NOC,BE
03/07/2019,EDI,NQY,BE
03/02/2019,EDI,SOU,BE
03/06/2019,EDI,SOU,BE
03/07/2019,EDI,SOU,BE
04/04/2019,EDI,SOU,BE
04/05/2019,EDI,SOU,BE
05/01/2019,EDI,SOU,BE
05/03/2019,EDI,SOU,BE
07/01/2019,EDI,SOU,BE
11/01/2019,EDI,SOU,BE
18/01/2019,EDI,SOU,BE
04/04/2019,EGC,BHX,BE
04/05/2019,EGC,BHX,BE
03/07/2019,EGC,EXT,BE
04/05/2019,EGC,EXT,BE
03/06/2019,EGC,SOU,BE
03/07/2019,EGC,SOU,BE
04/04/2019,EGC,SOU,BE
04/05/2019,EGC,SOU,BE
05/01/2019,EGC,SOU,BE
05/01/2019,EGC,SOU,BE
05/03/2019,EGC,SOU,BE
11/01/2019,EGC,SOU,BE
18/01/2019,EGC,SOU,BE
03/02/2019,EMA,AMS,BE
03/06/2019,EMA,AMS,BE
03/07/2019,EMA,AMS,BE
04/04/2019,EMA,AMS,BE
04/05/2019,EMA,AMS,BE
05/01/2019,EMA,AMS,BE
05/03/2019,EMA,AMS,BE
07/01/2019,EMA,AMS,BE
11/01/2019,EMA,AMS,BE
18/01/2019,EMA,AMS,BE
03/02/2019,EMA,BHD,BE
03/06/2019,EMA,BHD,BE
03/07/2019,EMA,BHD,BE
04/04/2019,EMA,BHD,BE
04/05/2019,EMA,BHD,BE
05/01/2019,EMA,BHD,BE
05/03/2019,EMA,BHD,BE
07/01/2019,EMA,BHD,BE
11/01/2019,EMA,BHD,BE
18/01/2019,EMA,BHD,BE
03/02/2019,EMA,EDI,BE
03/06/2019,EMA,EDI,BE
03/07/2019,EMA,EDI,BE
04/04/2019,EMA,EDI,BE
04/05/2019,EMA,EDI,BE
05/01/2019,EMA,EDI,BE
05/03/2019,EMA,EDI,BE
07/01/2019,EMA,EDI,BE
11/01/2019,EMA,EDI,BE
18/01/2019,EMA,EDI,BE
03/02/2019,EMA,GLA,BE
03/06/2019,EMA,GLA,BE
03/07/2019,EMA,GLA,BE
04/04/2019,EMA,GLA,BE
05/01/2019,EMA,GLA,BE
05/03/2019,EMA,GLA,BE
07/01/2019,EMA,GLA,BE
11/01/2019,EMA,GLA,BE
18/01/2019,EMA,GLA,BE
03/02/2019,EMA,JER,BE
03/06/2019,EMA,JER,BE
03/07/2019,EMA,JER,BE
04/04/2019,EMA,JER,BE
04/05/2019,EMA,JER,BE
05/01/2019,EMA,JER,BE
07/01/2019,EMA,JER,BE
11/01/2019,EMA,JER,BE
18/01/2019,EMA,JER,BE
03/06/2019,EXT,AGP,BE
04/04/2019,EXT,AGP,BE
04/05/2019,EXT,AGP,BE
07/01/2019,EXT,AGP,BE
11/01/2019,EXT,AGP,BE
18/01/2019,EXT,AGP,BE
03/02/2019,EXT,ALC,BE
03/07/2019,EXT,ALC,BE
05/03/2019,EXT,ALC,BE
03/02/2019,EXT,AMS,BE
03/06/2019,EXT,AMS,BE
03/07/2019,EXT,AMS,BE
04/04/2019,EXT,AMS,BE
04/05/2019,EXT,AMS,BE
05/01/2019,EXT,AMS,BE
05/03/2019,EXT,AMS,BE
07/01/2019,EXT,AMS,BE
11/01/2019,EXT,AMS,BE
18/01/2019,EXT,AMS,BE
03/02/2019,EXT,BHD,BE
03/06/2019,EXT,BHD,BE
03/07/2019,EXT,BHD,BE
04/04/2019,EXT,BHD,BE
04/05/2019,EXT,BHD,BE
05/01/2019,EXT,BHD,BE
07/01/2019,EXT,BHD,BE
11/01/2019,EXT,BHD,BE
18/01/2019,EXT,BHD,BE
03/02/2019,EXT,CDG,BE
03/06/2019,EXT,CDG,BE
03/07/2019,EXT,CDG,BE
04/04/2019,EXT,CDG,BE
04/05/2019,EXT,CDG,BE
05/01/2019,EXT,CDG,BE
05/03/2019,EXT,CDG,BE
07/01/2019,EXT,CDG,BE
11/01/2019,EXT,CDG,BE
18/01/2019,EXT,CDG,BE
05/01/2019,EXT,CMF,BE
03/02/2019,EXT,DUB,BE
03/06/2019,EXT,DUB,BE
03/07/2019,EXT,DUB,BE
04/04/2019,EXT,DUB,BE
04/05/2019,EXT,DUB,BE
05/01/2019,EXT,DUB,BE
07/01/2019,EXT,DUB,BE
11/01/2019,EXT,DUB,BE
18/01/2019,EXT,DUB,BE
03/02/2019,EXT,EDI,BE
03/06/2019,EXT,EDI,BE
03/07/2019,EXT,EDI,BE
04/04/2019,EXT,EDI,BE
04/05/2019,EXT,EDI,BE
05/01/2019,EXT,EDI,BE
05/03/2019,EXT,EDI,BE
07/01/2019,EXT,EDI,BE
11/01/2019,EXT,EDI,BE
18/01/2019,EXT,EDI,BE
03/07/2019,EXT,EGC,BE
04/05/2019,EXT,EGC,BE
03/07/2019,EXT,FAO,BE
04/05/2019,EXT,FAO,BE
05/01/2019,EXT,FAO,BE
03/06/2019,EXT,GCI,BE
03/07/2019,EXT,GCI,BE
04/04/2019,EXT,GCI,BE
04/05/2019,EXT,GCI,BE
05/01/2019,EXT,GCI,BE
05/03/2019,EXT,GCI,BE
07/01/2019,EXT,GCI,BE
11/01/2019,EXT,GCI,BE
18/01/2019,EXT,GCI,BE
03/02/2019,EXT,GLA,BE
03/06/2019,EXT,GLA,BE
03/07/2019,EXT,GLA,BE
04/04/2019,EXT,GLA,BE
04/05/2019,EXT,GLA,BE
05/01/2019,EXT,GLA,BE
07/01/2019,EXT,GLA,BE
11/01/2019,EXT,GLA,BE
18/01/2019,EXT,GLA,BE
05/01/2019,EXT,GVA,BE
03/02/2019,EXT,JER,BE
03/06/2019,EXT,JER,BE
03/07/2019,EXT,JER,BE
04/04/2019,EXT,JER,BE
04/05/2019,EXT,JER,BE
05/03/2019,EXT,JER,BE
07/01/2019,EXT,JER,BE
11/01/2019,EXT,JER,BE
18/01/2019,EXT,JER,BE
03/02/2019,EXT,LCY,BE
03/06/2019,EXT,LCY,BE
03/07/2019,EXT,LCY,BE
04/04/2019,EXT,LCY,BE
04/05/2019,EXT,LCY,BE
05/03/2019,EXT,LCY,BE
07/01/2019,EXT,LCY,BE
11/01/2019,EXT,LCY,BE
18/01/2019,EXT,LCY,BE
03/02/2019,EXT,MAN,BE
03/06/2019,EXT,MAN,BE
03/07/2019,EXT,MAN,BE
04/04/2019,EXT,MAN,BE
04/05/2019,EXT,MAN,BE
05/01/2019,EXT,MAN,BE
05/03/2019,EXT,MAN,BE
07/01/2019,EXT,MAN,BE
11/01/2019,EXT,MAN,BE
18/01/2019,EXT,MAN,BE
03/02/2019,EXT,NCL,BE
03/06/2019,EXT,NCL,BE
03/07/2019,EXT,NCL,BE
04/04/2019,EXT,NCL,BE
04/05/2019,EXT,NCL,BE
05/03/2019,EXT,NCL,BE
07/01/2019,EXT,NCL,BE
11/01/2019,EXT,NCL,BE
18/01/2019,EXT,NCL,BE
03/02/2019,EXT,NWI,BE
03/06/2019,EXT,NWI,BE
04/04/2019,EXT,NWI,BE
05/01/2019,EXT,NWI,BE
07/01/2019,EXT,NWI,BE
11/01/2019,EXT,NWI,BE
18/01/2019,EXT,NWI,BE
03/07/2019,EXT,PMI,BE
03/02/2019,FAO,CWL,BE
04/04/2019,FAO,CWL,BE
04/05/2019,FAO,CWL,BE
04/04/2019,FAO,DSA,BE
04/05/2019,FAO,DSA,BE
03/07/2019,FAO,EXT,BE
04/05/2019,FAO,EXT,BE
05/01/2019,FAO,EXT,BE
04/04/2019,FAO,SOU,BE
04/05/2019,FAO,SOU,BE
04/05/2019,FCO,CWL,BE
05/01/2019,FCO,CWL,BE
05/03/2019,FCO,CWL,BE
03/06/2019,GCI,BHX,BE
03/07/2019,GCI,BHX,BE
04/04/2019,GCI,BHX,BE
05/01/2019,GCI,BHX,BE
05/03/2019,GCI,BHX,BE
07/01/2019,GCI,BHX,BE
11/01/2019,GCI,BHX,BE
18/01/2019,GCI,BHX,BE
03/02/2019,GCI,EXT,BE
03/06/2019,GCI,EXT,BE
03/07/2019,GCI,EXT,BE
04/04/2019,GCI,EXT,BE
04/05/2019,GCI,EXT,BE
05/03/2019,GCI,EXT,BE
07/01/2019,GCI,EXT,BE
11/01/2019,GCI,EXT,BE
18/01/2019,GCI,EXT,BE
03/02/2019,GCI,JER,BE
03/06/2019,GCI,JER,BE
03/07/2019,GCI,JER,BE
04/04/2019,GCI,JER,BE
04/05/2019,GCI,JER,BE
05/01/2019,GCI,JER,BE
05/03/2019,GCI,JER,BE
07/01/2019,GCI,JER,BE
11/01/2019,GCI,JER,BE
18/01/2019,GCI,JER,BE
03/02/2019,GLA,BHD,BE
03/06/2019,GLA,BHD,BE
03/07/2019,GLA,BHD,BE
04/04/2019,GLA,BHD,BE
04/05/2019,GLA,BHD,BE
05/01/2019,GLA,BHD,BE
05/03/2019,GLA,BHD,BE
07/01/2019,GLA,BHD,BE
11/01/2019,GLA,BHD,BE
18/01/2019,GLA,BHD,BE
03/02/2019,GLA,BHX,BE
03/06/2019,GLA,BHX,BE
03/07/2019,GLA,BHX,BE
04/04/2019,GLA,BHX,BE
04/05/2019,GLA,BHX,BE
05/01/2019,GLA,BHX,BE
05/03/2019,GLA,BHX,BE
07/01/2019,GLA,BHX,BE
11/01/2019,GLA,BHX,BE
18/01/2019,GLA,BHX,BE
03/02/2019,GLA,CWL,BE
03/06/2019,GLA,CWL,BE
03/07/2019,GLA,CWL,BE
04/04/2019,GLA,CWL,BE
07/01/2019,GLA,CWL,BE
11/01/2019,GLA,CWL,BE
18/01/2019,GLA,CWL,BE
03/02/2019,GLA,EMA,BE
03/06/2019,GLA,EMA,BE
03/07/2019,GLA,EMA,BE
04/04/2019,GLA,EMA,BE
05/01/2019,GLA,EMA,BE
05/03/2019,GLA,EMA,BE
07/01/2019,GLA,EMA,BE
11/01/2019,GLA,EMA,BE
18/01/2019,GLA,EMA,BE
03/02/2019,GLA,EXT,BE
03/06/2019,GLA,EXT,BE
03/07/2019,GLA,EXT,BE
04/04/2019,GLA,EXT,BE
04/05/2019,GLA,EXT,BE
05/01/2019,GLA,EXT,BE
07/01/2019,GLA,EXT,BE
11/01/2019,GLA,EXT,BE
18/01/2019,GLA,EXT,BE
03/02/2019,GLA,MAN,BE
03/06/2019,GLA,MAN,BE
03/07/2019,GLA,MAN,BE
04/04/2019,GLA,MAN,BE
04/05/2019,GLA,MAN,BE
05/03/2019,GLA,MAN,BE
07/01/2019,GLA,MAN,BE
11/01/2019,GLA,MAN,BE
18/01/2019,GLA,MAN,BE
03/02/2019,GLA,SOU,BE
03/06/2019,GLA,SOU,BE
03/07/2019,GLA,SOU,BE
04/04/2019,GLA,SOU,BE
04/05/2019,GLA,SOU,BE
05/01/2019,GLA,SOU,BE
05/03/2019,GLA,SOU,BE
07/01/2019,GLA,SOU,BE
11/01/2019,GLA,SOU,BE
18/01/2019,GLA,SOU,BE
05/01/2019,GVA,BHX,BE
05/01/2019,GVA,CWL,BE
05/03/2019,GVA,CWL,BE
05/01/2019,GVA,EXT,BE
05/01/2019,GVA,IOM,BE
05/01/2019,GVA,JER,BE
03/02/2019,GVA,SOU,BE
05/01/2019,GVA,SOU,BE
03/02/2019,HAJ,BHX,BE
03/06/2019,HAJ,BHX,BE
04/04/2019,HAJ,BHX,BE
07/01/2019,HAJ,BHX,BE
11/01/2019,HAJ,BHX,BE
18/01/2019,HAJ,BHX,BE
03/02/2019,HAJ,MAN,BE
03/06/2019,HAJ,MAN,BE
03/07/2019,HAJ,MAN,BE
04/04/2019,HAJ,MAN,BE
07/01/2019,HAJ,MAN,BE
11/01/2019,HAJ,MAN,BE
18/01/2019,HAJ,MAN,BE
03/02/2019,HAM,BHX,BE
03/06/2019,HAM,BHX,BE
03/07/2019,HAM,BHX,BE
04/04/2019,HAM,BHX,BE
07/01/2019,HAM,BHX,BE
11/01/2019,HAM,BHX,BE
18/01/2019,HAM,BHX,BE
03/02/2019,INN,MAN,BE
03/02/2019,INV,BHD,BE
03/06/2019,INV,BHD,BE
03/07/2019,INV,BHD,BE
04/04/2019,INV,BHD,BE
04/05/2019,INV,BHD,BE
05/01/2019,INV,BHD,BE
07/01/2019,INV,BHD,BE
11/01/2019,INV,BHD,BE
18/01/2019,INV,BHD,BE
03/02/2019,INV,BHX,BE
03/06/2019,INV,BHX,BE
03/07/2019,INV,BHX,BE
04/04/2019,INV,BHX,BE
04/05/2019,INV,BHX,BE
05/03/2019,INV,BHX,BE
07/01/2019,INV,BHX,BE
11/01/2019,INV,BHX,BE
18/01/2019,INV,BHX,BE
03/06/2019,IOM,BHX,BE
03/07/2019,IOM,BHX,BE
04/04/2019,IOM,BHX,BE
04/05/2019,IOM,BHX,BE
05/01/2019,IOM,GVA,BE
03/06/2019,IOM,LPL,BE
03/07/2019,IOM,LPL,BE
04/04/2019,IOM,LPL,BE
04/05/2019,IOM,LPL,BE
03/06/2019,IOM,MAN,BE
03/07/2019,IOM,MAN,BE
04/04/2019,IOM,MAN,BE
04/05/2019,IOM,MAN,BE
04/05/2019,JER,ABZ,BE
03/02/2019,JER,BHX,BE
03/06/2019,JER,BHX,BE
03/06/2019,JER,BHX,BE
03/07/2019,JER,BHX,BE
03/07/2019,JER,BHX,BE
04/04/2019,JER,BHX,BE
04/04/2019,JER,BHX,BE
04/05/2019,JER,BHX,BE
04/05/2019,JER,BHX,BE
05/03/2019,JER,BHX,BE
07/01/2019,JER,BHX,BE
11/01/2019,JER,BHX,BE
18/01/2019,JER,BHX,BE
03/06/2019,JER,CWL,BE
04/05/2019,JER,CWL,BE
07/01/2019,JER,CWL,BE
11/01/2019,JER,CWL,BE
18/01/2019,JER,CWL,BE
03/06/2019,JER,DSA,BE
03/07/2019,JER,DSA,BE
04/04/2019,JER,DSA,BE
04/05/2019,JER,DSA,BE
05/01/2019,JER,DSA,BE
03/02/2019,JER,EMA,BE
03/06/2019,JER,EMA,BE
03/07/2019,JER,EMA,BE
04/04/2019,JER,EMA,BE
04/05/2019,JER,EMA,BE
05/01/2019,JER,EMA,BE
07/01/2019,JER,EMA,BE
11/01/2019,JER,EMA,BE
18/01/2019,JER,EMA,BE
03/06/2019,JER,EXT,BE
03/07/2019,JER,EXT,BE
04/04/2019,JER,EXT,BE
04/05/2019,JER,EXT,BE
05/01/2019,JER,EXT,BE
05/03/2019,JER,EXT,BE
07/01/2019,JER,EXT,BE
11/01/2019,JER,EXT,BE
18/01/2019,JER,EXT,BE
03/02/2019,JER,GCI,BE
03/06/2019,JER,GCI,BE
03/07/2019,JER,GCI,BE
04/04/2019,JER,GCI,BE
05/01/2019,JER,GCI,BE
05/03/2019,JER,GCI,BE
07/01/2019,JER,GCI,BE
11/01/2019,JER,GCI,BE
18/01/2019,JER,GCI,BE
05/01/2019,JER,GVA,BE
03/02/2019,JER,MAN,BE
03/06/2019,JER,MAN,BE
03/07/2019,JER,MAN,BE
04/04/2019,JER,MAN,BE
04/05/2019,JER,MAN,BE
05/01/2019,JER,MAN,BE
05/03/2019,JER,MAN,BE
07/01/2019,JER,MAN,BE
11/01/2019,JER,MAN,BE
18/01/2019,JER,MAN,BE
03/02/2019,JER,SOU,BE
03/06/2019,JER,SOU,BE
03/07/2019,JER,SOU,BE
04/04/2019,JER,SOU,BE
04/05/2019,JER,SOU,BE
05/01/2019,JER,SOU,BE
05/03/2019,JER,SOU,BE
07/01/2019,JER,SOU,BE
11/01/2019,JER,SOU,BE
18/01/2019,JER,SOU,BE
03/02/2019,LBA,BHD,BE
03/06/2019,LBA,BHD,BE
03/07/2019,LBA,BHD,BE
04/04/2019,LBA,BHD,BE
04/05/2019,LBA,BHD,BE
05/01/2019,LBA,BHD,BE
05/03/2019,LBA,BHD,BE
07/01/2019,LBA,BHD,BE
11/01/2019,LBA,BHD,BE
18/01/2019,LBA,BHD,BE
03/02/2019,LBA,DUS,BE
03/06/2019,LBA,DUS,BE
03/07/2019,LBA,DUS,BE
04/04/2019,LBA,DUS,BE
07/01/2019,LBA,DUS,BE
11/01/2019,LBA,DUS,BE
18/01/2019,LBA,DUS,BE
03/02/2019,LBA,NQY,BE
05/03/2019,LBA,NQY,BE
11/01/2019,LBA,NQY,BE
18/01/2019,LBA,NQY,BE
03/02/2019,LCY,AMS,BE
03/06/2019,LCY,AMS,BE
03/07/2019,LCY,AMS,BE
04/04/2019,LCY,AMS,BE
04/05/2019,LCY,AMS,BE
05/01/2019,LCY,AMS,BE
05/03/2019,LCY,AMS,BE
07/01/2019,LCY,AMS,BE
11/01/2019,LCY,AMS,BE
18/01/2019,LCY,AMS,BE
03/02/2019,LCY,BHD,BE
03/06/2019,LCY,BHD,BE
03/07/2019,LCY,BHD,BE
04/04/2019,LCY,BHD,BE
04/05/2019,LCY,BHD,BE
05/01/2019,LCY,BHD,BE
05/03/2019,LCY,BHD,BE
07/01/2019,LCY,BHD,BE
11/01/2019,LCY,BHD,BE
18/01/2019,LCY,BHD,BE
03/02/2019,LCY,DUS,BE
03/06/2019,LCY,DUS,BE
03/07/2019,LCY,DUS,BE
04/04/2019,LCY,DUS,BE
05/03/2019,LCY,DUS,BE
07/01/2019,LCY,DUS,BE
11/01/2019,LCY,DUS,BE
18/01/2019,LCY,DUS,BE
03/02/2019,LCY,EDI,BE
03/06/2019,LCY,EDI,BE
03/07/2019,LCY,EDI,BE
04/04/2019,LCY,EDI,BE
04/05/2019,LCY,EDI,BE
05/01/2019,LCY,EDI,BE
05/03/2019,LCY,EDI,BE
07/01/2019,LCY,EDI,BE
11/01/2019,LCY,EDI,BE
18/01/2019,LCY,EDI,BE
03/02/2019,LCY,EXT,BE
03/06/2019,LCY,EXT,BE
03/07/2019,LCY,EXT,BE
04/04/2019,LCY,EXT,BE
04/05/2019,LCY,EXT,BE
05/03/2019,LCY,EXT,BE
07/01/2019,LCY,EXT,BE
11/01/2019,LCY,EXT,BE
18/01/2019,LCY,EXT,BE
03/02/2019,LGW,NQY,BE
05/01/2019,LGW,NQY,BE
05/03/2019,LGW,NQY,BE
07/01/2019,LGW,NQY,BE
11/01/2019,LGW,NQY,BE
18/01/2019,LGW,NQY,BE
03/02/2019,LHR,ABZ,BE
03/06/2019,LHR,ABZ,BE
03/07/2019,LHR,ABZ,BE
04/04/2019,LHR,ABZ,BE
04/05/2019,LHR,ABZ,BE
05/01/2019,LHR,ABZ,BE
05/03/2019,LHR,ABZ,BE
07/01/2019,LHR,ABZ,BE
11/01/2019,LHR,ABZ,BE
18/01/2019,LHR,ABZ,BE
03/02/2019,LHR,EDI,BE
03/06/2019,LHR,EDI,BE
03/07/2019,LHR,EDI,BE
04/04/2019,LHR,EDI,BE
04/05/2019,LHR,EDI,BE
05/01/2019,LHR,EDI,BE
05/03/2019,LHR,EDI,BE
07/01/2019,LHR,EDI,BE
11/01/2019,LHR,EDI,BE
18/01/2019,LHR,EDI,BE
03/06/2019,LHR,NQY,BE
03/07/2019,LHR,NQY,BE
04/04/2019,LHR,NQY,BE
04/05/2019,LHR,NQY,BE
04/05/2019,LIG,SOU,BE
05/01/2019,LIG,SOU,BE
03/06/2019,LPL,IOM,BE
03/07/2019,LPL,IOM,BE
04/04/2019,LPL,IOM,BE
04/05/2019,LPL,IOM,BE
03/07/2019,LPL,NQY,BE
03/07/2019,LRH,BHX,BE
05/01/2019,LRH,SOU,BE
03/02/2019,LUX,MAN,BE
07/01/2019,LUX,MAN,BE
11/01/2019,LUX,MAN,BE
18/01/2019,LUX,MAN,BE
03/02/2019,LYS,BHX,BE
03/06/2019,LYS,BHX,BE
03/07/2019,LYS,BHX,BE
04/04/2019,LYS,BHX,BE
04/05/2019,LYS,BHX,BE
05/01/2019,LYS,BHX,BE
05/03/2019,LYS,BHX,BE
07/01/2019,LYS,BHX,BE
11/01/2019,LYS,BHX,BE
18/01/2019,LYS,BHX,BE
03/02/2019,LYS,MAN,BE
03/06/2019,LYS,MAN,BE
03/07/2019,LYS,MAN,BE
04/04/2019,LYS,MAN,BE
05/01/2019,LYS,MAN,BE
07/01/2019,LYS,MAN,BE
11/01/2019,LYS,MAN,BE
18/01/2019,LYS,MAN,BE
05/01/2019,LYS,SEN,BE
07/01/2019,LYS,SEN,BE
11/01/2019,LYS,SEN,BE
18/01/2019,LYS,SEN,BE
05/01/2019,LYS,SOU,BE
03/02/2019,MAN,ABZ,BE
03/06/2019,MAN,ABZ,BE
03/07/2019,MAN,ABZ,BE
04/04/2019,MAN,ABZ,BE
04/05/2019,MAN,ABZ,BE
05/01/2019,MAN,ABZ,BE
05/03/2019,MAN,ABZ,BE
07/01/2019,MAN,ABZ,BE
11/01/2019,MAN,ABZ,BE
18/01/2019,MAN,ABZ,BE
03/02/2019,MAN,AMS,BE
03/06/2019,MAN,AMS,BE
03/07/2019,MAN,AMS,BE
04/04/2019,MAN,AMS,BE
04/05/2019,MAN,AMS,BE
05/01/2019,MAN,AMS,BE
05/03/2019,MAN,AMS,BE
07/01/2019,MAN,AMS,BE
11/01/2019,MAN,AMS,BE
18/01/2019,MAN,AMS,BE
03/02/2019,MAN,BHD,BE
03/06/2019,MAN,BHD,BE
03/07/2019,MAN,BHD,BE
04/04/2019,MAN,BHD,BE
04/05/2019,MAN,BHD,BE
05/01/2019,MAN,BHD,BE
05/03/2019,MAN,BHD,BE
07/01/2019,MAN,BHD,BE
11/01/2019,MAN,BHD,BE
18/01/2019,MAN,BHD,BE
03/02/2019,MAN,CDG,BE
03/06/2019,MAN,CDG,BE
03/07/2019,MAN,CDG,BE
04/04/2019,MAN,CDG,BE
04/05/2019,MAN,CDG,BE
05/01/2019,MAN,CDG,BE
05/03/2019,MAN,CDG,BE
07/01/2019,MAN,CDG,BE
11/01/2019,MAN,CDG,BE
18/01/2019,MAN,CDG,BE
03/02/2019,MAN,CMF,BE
03/02/2019,MAN,DUS,BE
03/06/2019,MAN,DUS,BE
03/07/2019,MAN,DUS,BE
04/04/2019,MAN,DUS,BE
04/05/2019,MAN,DUS,BE
05/03/2019,MAN,DUS,BE
07/01/2019,MAN,DUS,BE
11/01/2019,MAN,DUS,BE
18/01/2019,MAN,DUS,BE
03/02/2019,MAN,EDI,BE
03/06/2019,MAN,EDI,BE
03/07/2019,MAN,EDI,BE
04/04/2019,MAN,EDI,BE
04/05/2019,MAN,EDI,BE
05/01/2019,MAN,EDI,BE
05/03/2019,MAN,EDI,BE
07/01/2019,MAN,EDI,BE
11/01/2019,MAN,EDI,BE
18/01/2019,MAN,EDI,BE
03/02/2019,MAN,EXT,BE
03/06/2019,MAN,EXT,BE
03/07/2019,MAN,EXT,BE
04/04/2019,MAN,EXT,BE
04/05/2019,MAN,EXT,BE
05/01/2019,MAN,EXT,BE
05/03/2019,MAN,EXT,BE
07/01/2019,MAN,EXT,BE
11/01/2019,MAN,EXT,BE
18/01/2019,MAN,EXT,BE
03/02/2019,MAN,GLA,BE
03/06/2019,MAN,GLA,BE
03/07/2019,MAN,GLA,BE
04/04/2019,MAN,GLA,BE
04/05/2019,MAN,GLA,BE
05/03/2019,MAN,GLA,BE
07/01/2019,MAN,GLA,BE
11/01/2019,MAN,GLA,BE
18/01/2019,MAN,GLA,BE
03/02/2019,MAN,HAJ,BE
03/06/2019,MAN,HAJ,BE
03/07/2019,MAN,HAJ,BE
04/04/2019,MAN,HAJ,BE
07/01/2019,MAN,HAJ,BE
11/01/2019,MAN,HAJ,BE
18/01/2019,MAN,HAJ,BE
03/02/2019,MAN,INN,BE
03/02/2019,MAN,IOM,BE
03/06/2019,MAN,IOM,BE
03/07/2019,MAN,IOM,BE
04/04/2019,MAN,IOM,BE
04/05/2019,MAN,IOM,BE
05/01/2019,MAN,IOM,BE
05/03/2019,MAN,IOM,BE
07/01/2019,MAN,IOM,BE
11/01/2019,MAN,IOM,BE
18/01/2019,MAN,IOM,BE
03/02/2019,MAN,JER,BE
03/06/2019,MAN,JER,BE
03/07/2019,MAN,JER,BE
04/04/2019,MAN,JER,BE
04/05/2019,MAN,JER,BE
05/01/2019,MAN,JER,BE
05/03/2019,MAN,JER,BE
07/01/2019,MAN,JER,BE
11/01/2019,MAN,JER,BE
18/01/2019,MAN,JER,BE
03/02/2019,MAN,LUX,BE
07/01/2019,MAN,LUX,BE
11/01/2019,MAN,LUX,BE
18/01/2019,MAN,LUX,BE
03/02/2019,MAN,LYS,BE
03/06/2019,MAN,LYS,BE
03/07/2019,MAN,LYS,BE
04/04/2019,MAN,LYS,BE
05/01/2019,MAN,LYS,BE
07/01/2019,MAN,LYS,BE
11/01/2019,MAN,LYS,BE
18/01/2019,MAN,LYS,BE
03/06/2019,MAN,MXP,BE
03/07/2019,MAN,MXP,BE
04/04/2019,MAN,MXP,BE
04/05/2019,MAN,MXP,BE
05/01/2019,MAN,MXP,BE
05/03/2019,MAN,MXP,BE
07/01/2019,MAN,MXP,BE
11/01/2019,MAN,MXP,BE
03/02/2019,MAN,NOC,BE
03/06/2019,MAN,NOC,BE
03/07/2019,MAN,NOC,BE
04/04/2019,MAN,NOC,BE
04/05/2019,MAN,NOC,BE
05/01/2019,MAN,NOC,BE
07/01/2019,MAN,NOC,BE
11/01/2019,MAN,NOC,BE
18/01/2019,MAN,NOC,BE
03/02/2019,MAN,NQY,BE
03/06/2019,MAN,NQY,BE
03/07/2019,MAN,NQY,BE
04/04/2019,MAN,NQY,BE
04/05/2019,MAN,NQY,BE
05/01/2019,MAN,NQY,BE
05/03/2019,MAN,NQY,BE
07/01/2019,MAN,NQY,BE
11/01/2019,MAN,NQY,BE
18/01/2019,MAN,NQY,BE
05/01/2019,MAN,NTE,BE
03/02/2019,MAN,SOU,BE
03/06/2019,MAN,SOU,BE
03/07/2019,MAN,SOU,BE
04/04/2019,MAN,SOU,BE
04/05/2019,MAN,SOU,BE
05/01/2019,MAN,SOU,BE
05/03/2019,MAN,SOU,BE
07/01/2019,MAN,SOU,BE
11/01/2019,MAN,SOU,BE
18/01/2019,MAN,SOU,BE
03/02/2019,MAN,TLS,BE
03/06/2019,MAN,TLS,BE
04/04/2019,MAN,TLS,BE
04/05/2019,MAN,TLS,BE
05/01/2019,MAN,TLS,BE
03/06/2019,MUC,CWL,BE
07/01/2019,MUC,CWL,BE
03/02/2019,MXP,BHX,BE
03/06/2019,MXP,BHX,BE
03/07/2019,MXP,BHX,BE
04/04/2019,MXP,BHX,BE
04/05/2019,MXP,BHX,BE
05/01/2019,MXP,BHX,BE
05/03/2019,MXP,BHX,BE
07/01/2019,MXP,BHX,BE
11/01/2019,MXP,BHX,BE
18/01/2019,MXP,BHX,BE
03/07/2019,MXP,CWL,BE
04/05/2019,MXP,CWL,BE
07/01/2019,MXP,CWL,BE
03/06/2019,MXP,MAN,BE
03/07/2019,MXP,MAN,BE
04/04/2019,MXP,MAN,BE
04/05/2019,MXP,MAN,BE
05/01/2019,MXP,MAN,BE
05/03/2019,MXP,MAN,BE
07/01/2019,MXP,MAN,BE
11/01/2019,MXP,MAN,BE
18/01/2019,MXP,MAN,BE
03/02/2019,NCL,EXT,BE
03/06/2019,NCL,EXT,BE
03/07/2019,NCL,EXT,BE
04/04/2019,NCL,EXT,BE
04/05/2019,NCL,EXT,BE
05/03/2019,NCL,EXT,BE
07/01/2019,NCL,EXT,BE
11/01/2019,NCL,EXT,BE
18/01/2019,NCL,EXT,BE
03/02/2019,NCL,SOU,BE
03/06/2019,NCL,SOU,BE
03/07/2019,NCL,SOU,BE
04/04/2019,NCL,SOU,BE
04/05/2019,NCL,SOU,BE
05/01/2019,NCL,SOU,BE
05/03/2019,NCL,SOU,BE
07/01/2019,NCL,SOU,BE
11/01/2019,NCL,SOU,BE
18/01/2019,NCL,SOU,BE
03/02/2019,NOC,BHX,BE
03/06/2019,NOC,BHX,BE
03/07/2019,NOC,BHX,BE
04/04/2019,NOC,BHX,BE
04/05/2019,NOC,BHX,BE
05/01/2019,NOC,BHX,BE
07/01/2019,NOC,BHX,BE
11/01/2019,NOC,BHX,BE
18/01/2019,NOC,BHX,BE
03/02/2019,NOC,EDI,BE
03/06/2019,NOC,EDI,BE
04/04/2019,NOC,EDI,BE
04/05/2019,NOC,EDI,BE
07/01/2019,NOC,EDI,BE
11/01/2019,NOC,EDI,BE
18/01/2019,NOC,EDI,BE
03/02/2019,NOC,MAN,BE
03/06/2019,NOC,MAN,BE
03/07/2019,NOC,MAN,BE
04/04/2019,NOC,MAN,BE
04/05/2019,NOC,MAN,BE
05/01/2019,NOC,MAN,BE
07/01/2019,NOC,MAN,BE
11/01/2019,NOC,MAN,BE
18/01/2019,NOC,MAN,BE
03/07/2019,NQY,BHD,BE
03/06/2019,NQY,BHX,BE
03/07/2019,NQY,BHX,BE
04/04/2019,NQY,BHX,BE
04/05/2019,NQY,BHX,BE
05/01/2019,NQY,BHX,BE
03/07/2019,NQY,EDI,BE
03/02/2019,NQY,LBA,BE
05/03/2019,NQY,LBA,BE
11/01/2019,NQY,LBA,BE
18/01/2019,NQY,LBA,BE
03/02/2019,NQY,LGW,BE
05/01/2019,NQY,LGW,BE
05/03/2019,NQY,LGW,BE
07/01/2019,NQY,LGW,BE
11/01/2019,NQY,LGW,BE
18/01/2019,NQY,LGW,BE
03/06/2019,NQY,LHR,BE
03/07/2019,NQY,LHR,BE
04/04/2019,NQY,LHR,BE
04/05/2019,NQY,LHR,BE
03/07/2019,NQY,LPL,BE
03/02/2019,NQY,MAN,BE
03/06/2019,NQY,MAN,BE
03/07/2019,NQY,MAN,BE
04/04/2019,NQY,MAN,BE
04/05/2019,NQY,MAN,BE
05/01/2019,NQY,MAN,BE
05/03/2019,NQY,MAN,BE
07/01/2019,NQY,MAN,BE
11/01/2019,NQY,MAN,BE
18/01/2019,NQY,MAN,BE
03/06/2019,NQY,SEN,BE
03/07/2019,NQY,SEN,BE
04/04/2019,NQY,SEN,BE
04/05/2019,NQY,SEN,BE
03/06/2019,NTE,BHX,BE
03/07/2019,NTE,BHX,BE
05/01/2019,NTE,BHX,BE
05/01/2019,NTE,MAN,BE
03/06/2019,NTE,SOU,BE
03/07/2019,NTE,SOU,BE
05/01/2019,NTE,SOU,BE
07/01/2019,NTE,SOU,BE
11/01/2019,NTE,SOU,BE
18/01/2019,NTE,SOU,BE
03/06/2019,NWI,AGP,BE
04/04/2019,NWI,AGP,BE
03/02/2019,NWI,EXT,BE
03/06/2019,NWI,EXT,BE
04/04/2019,NWI,EXT,BE
05/01/2019,NWI,EXT,BE
07/01/2019,NWI,EXT,BE
11/01/2019,NWI,EXT,BE
18/01/2019,NWI,EXT,BE
03/02/2019,ORK,CWL,BE
04/04/2019,ORK,CWL,BE
05/03/2019,ORK,CWL,BE
03/07/2019,PMI,EXT,BE
04/04/2019,PMI,SOU,BE
04/04/2019,RNS,SOU,BE
04/05/2019,RNS,SOU,BE
05/01/2019,RNS,SOU,BE
03/06/2019,SEN,NQY,BE
03/07/2019,SEN,NQY,BE
04/04/2019,SEN,NQY,BE
04/05/2019,SEN,NQY,BE
03/02/2019,SOU,ABZ,BE
03/06/2019,SOU,AGP,BE
03/07/2019,SOU,AGP,BE
04/05/2019,SOU,AGP,BE
03/06/2019,SOU,ALC,BE
03/07/2019,SOU,ALC,BE
05/01/2019,SOU,ALC,BE
03/02/2019,SOU,AMS,BE
03/06/2019,SOU,AMS,BE
03/07/2019,SOU,AMS,BE
04/04/2019,SOU,AMS,BE
04/05/2019,SOU,AMS,BE
05/01/2019,SOU,AMS,BE
05/03/2019,SOU,AMS,BE
07/01/2019,SOU,AMS,BE
11/01/2019,SOU,AMS,BE
18/01/2019,SOU,AMS,BE
03/02/2019,SOU,BHD,BE
03/06/2019,SOU,BHD,BE
03/07/2019,SOU,BHD,BE
04/04/2019,SOU,BHD,BE
04/05/2019,SOU,BHD,BE
05/01/2019,SOU,BHD,BE
05/03/2019,SOU,BHD,BE
07/01/2019,SOU,BHD,BE
11/01/2019,SOU,BHD,BE
18/01/2019,SOU,BHD,BE
03/06/2019,SOU,BOD,BE
03/02/2019,SOU,CDG,BE
03/06/2019,SOU,CDG,BE
03/07/2019,SOU,CDG,BE
04/04/2019,SOU,CDG,BE
04/05/2019,SOU,CDG,BE
05/01/2019,SOU,CDG,BE
05/03/2019,SOU,CDG,BE
07/01/2019,SOU,CDG,BE
11/01/2019,SOU,CDG,BE
18/01/2019,SOU,CDG,BE
05/01/2019,SOU,CMF,BE
03/02/2019,SOU,DUB,BE
03/06/2019,SOU,DUB,BE
03/07/2019,SOU,DUB,BE
04/04/2019,SOU,DUB,BE
04/05/2019,SOU,DUB,BE
05/01/2019,SOU,DUB,BE
05/03/2019,SOU,DUB,BE
07/01/2019,SOU,DUB,BE
11/01/2019,SOU,DUB,BE
18/01/2019,SOU,DUB,BE
03/02/2019,SOU,DUS,BE
03/06/2019,SOU,DUS,BE
03/07/2019,SOU,DUS,BE
04/04/2019,SOU,DUS,BE
07/01/2019,SOU,DUS,BE
11/01/2019,SOU,DUS,BE
18/01/2019,SOU,DUS,BE
03/02/2019,SOU,EDI,BE
03/06/2019,SOU,EDI,BE
03/07/2019,SOU,EDI,BE
04/04/2019,SOU,EDI,BE
04/05/2019,SOU,EDI,BE
05/01/2019,SOU,EDI,BE
05/03/2019,SOU,EDI,BE
07/01/2019,SOU,EDI,BE
11/01/2019,SOU,EDI,BE
18/01/2019,SOU,EDI,BE
03/06/2019,SOU,EGC,BE
03/07/2019,SOU,EGC,BE
04/04/2019,SOU,EGC,BE
04/05/2019,SOU,EGC,BE
05/01/2019,SOU,EGC,BE
05/03/2019,SOU,EGC,BE
11/01/2019,SOU,EGC,BE
18/01/2019,SOU,EGC,BE
04/04/2019,SOU,FAO,BE
04/05/2019,SOU,FAO,BE
11/01/2019,SOU,GCI,BE
18/01/2019,SOU,GCI,BE
03/02/2019,SOU,GLA,BE
03/06/2019,SOU,GLA,BE
03/07/2019,SOU,GLA,BE
04/04/2019,SOU,GLA,BE
04/05/2019,SOU,GLA,BE
05/01/2019,SOU,GLA,BE
05/03/2019,SOU,GLA,BE
07/01/2019,SOU,GLA,BE
11/01/2019,SOU,GLA,BE
18/01/2019,SOU,GLA,BE
03/02/2019,SOU,GVA,BE
05/01/2019,SOU,GVA,BE
03/02/2019,SOU,JER,BE
03/06/2019,SOU,JER,BE
03/07/2019,SOU,JER,BE
04/04/2019,SOU,JER,BE
04/05/2019,SOU,JER,BE
05/01/2019,SOU,JER,BE
05/03/2019,SOU,JER,BE
07/01/2019,SOU,JER,BE
11/01/2019,SOU,JER,BE
18/01/2019,SOU,JER,BE
04/05/2019,SOU,LIG,BE
05/01/2019,SOU,LIG,BE
05/01/2019,SOU,LRH,BE
05/01/2019,SOU,LYS,BE
03/02/2019,SOU,MAN,BE
03/06/2019,SOU,MAN,BE
03/07/2019,SOU,MAN,BE
04/04/2019,SOU,MAN,BE
04/05/2019,SOU,MAN,BE
05/01/2019,SOU,MAN,BE
05/03/2019,SOU,MAN,BE
07/01/2019,SOU,MAN,BE
11/01/2019,SOU,MAN,BE
18/01/2019,SOU,MAN,BE
03/02/2019,SOU,NCL,BE
03/06/2019,SOU,NCL,BE
03/07/2019,SOU,NCL,BE
04/04/2019,SOU,NCL,BE
04/05/2019,SOU,NCL,BE
05/01/2019,SOU,NCL,BE
05/03/2019,SOU,NCL,BE
07/01/2019,SOU,NCL,BE
11/01/2019,SOU,NCL,BE
18/01/2019,SOU,NCL,BE
03/06/2019,SOU,NTE,BE
03/07/2019,SOU,NTE,BE
05/01/2019,SOU,NTE,BE
07/01/2019,SOU,NTE,BE
11/01/2019,SOU,NTE,BE
18/01/2019,SOU,NTE,BE
04/04/2019,SOU,PMI,BE
04/04/2019,SOU,RNS,BE
04/05/2019,SOU,RNS,BE
05/01/2019,SOU,RNS,BE
03/07/2019,SOU,VRN,BE
03/02/2019,STR,BHX,BE
03/06/2019,STR,BHX,BE
03/07/2019,STR,BHX,BE
04/04/2019,STR,BHX,BE
05/03/2019,STR,BHX,BE
07/01/2019,STR,BHX,BE
11/01/2019,STR,BHX,BE
18/01/2019,STR,BHX,BE
03/02/2019,TLS,MAN,BE
03/06/2019,TLS,MAN,BE
04/04/2019,TLS,MAN,BE
04/05/2019,TLS,MAN,BE
05/01/2019,TLS,MAN,BE
03/02/2019,TXL,BHX,BE
03/06/2019,TXL,BHX,BE
03/07/2019,TXL,BHX,BE
04/04/2019,TXL,BHX,BE
04/05/2019,TXL,BHX,BE
05/03/2019,TXL,BHX,BE
07/01/2019,TXL,BHX,BE
11/01/2019,TXL,BHX,BE
18/01/2019,TXL,BHX,BE
04/05/2019,VCE,CWL,BE
03/07/2019,VRN,CWL,BE
04/05/2019,VRN,CWL,BE
03/07/2019,VRN,SOU,BE
